<?xml version="1.0" encoding="UTF-8"?>
<!-- track-length = 48317 filtered ascend = 346 plain-ascend = -7 cost=66687 energy=.3kwh time=2h 38m 5s -->
<gpx 
 xmlns="http://www.topografix.com/GPX/1/1" 
 xmlns:xsi="http://www.w3.org/2001/XMLSchema-instance" 
 xsi:schemaLocation="http://www.topografix.com/GPX/1/1 http://www.topografix.com/GPX/1/1/gpx.xsd" 
 creator="BRouter-1.7.10" version="1.1">
 <trk>
  <name>Vexin français</name>
  <trkseg>
   <trkpt lon="2.101061" lat="49.051053"><ele>44.25</ele></trkpt>
   <trkpt lon="2.100443" lat="49.051362"><ele>49.25</ele></trkpt>
   <trkpt lon="2.100472" lat="49.051427"><ele>49.5</ele></trkpt>
   <trkpt lon="2.100524" lat="49.051573"><ele>50.5</ele></trkpt>
   <trkpt lon="2.100530" lat="49.051589"><ele>50.5</ele></trkpt>
   <trkpt lon="2.100601" lat="49.051757"><ele>51.75</ele></trkpt>
   <trkpt lon="2.100791" lat="49.052199"><ele>56.0</ele></trkpt>
   <trkpt lon="2.100816" lat="49.052263"><ele>56.25</ele></trkpt>
   <trkpt lon="2.100820" lat="49.052269"><ele>56.25</ele></trkpt>
   <trkpt lon="2.100906" lat="49.052460"><ele>57.5</ele></trkpt>
   <trkpt lon="2.101268" lat="49.053348"><ele>65.5</ele></trkpt>
   <trkpt lon="2.101293" lat="49.053424"><ele>66.25</ele></trkpt>
   <trkpt lon="2.101205" lat="49.053439"><ele>66.25</ele></trkpt>
   <trkpt lon="2.100105" lat="49.053605"><ele>69.75</ele></trkpt>
   <trkpt lon="2.099987" lat="49.053621"><ele>70.0</ele></trkpt>
   <trkpt lon="2.099984" lat="49.053644"><ele>70.25</ele></trkpt>
   <trkpt lon="2.099935" lat="49.053953"><ele>73.0</ele></trkpt>
   <trkpt lon="2.099895" lat="49.054210"><ele>75.0</ele></trkpt>
   <trkpt lon="2.099882" lat="49.054359"><ele>75.25</ele></trkpt>
   <trkpt lon="2.099880" lat="49.054379"><ele>75.25</ele></trkpt>
   <trkpt lon="2.099868" lat="49.054481"><ele>75.25</ele></trkpt>
   <trkpt lon="2.099793" lat="49.054548"><ele>75.5</ele></trkpt>
   <trkpt lon="2.098858" lat="49.055273"><ele>77.0</ele></trkpt>
   <trkpt lon="2.097957" lat="49.055924"><ele>77.0</ele></trkpt>
   <trkpt lon="2.097928" lat="49.055942"><ele>77.0</ele></trkpt>
   <trkpt lon="2.097893" lat="49.055961"><ele>77.0</ele></trkpt>
   <trkpt lon="2.097909" lat="49.056005"><ele>77.0</ele></trkpt>
   <trkpt lon="2.097869" lat="49.056032"><ele>77.0</ele></trkpt>
   <trkpt lon="2.097763" lat="49.056106"><ele>77.0</ele></trkpt>
   <trkpt lon="2.097465" lat="49.056351"><ele>78.0</ele></trkpt>
   <trkpt lon="2.097065" lat="49.056668"><ele>78.25</ele></trkpt>
   <trkpt lon="2.096709" lat="49.056965"><ele>79.0</ele></trkpt>
   <trkpt lon="2.096618" lat="49.057039"><ele>78.75</ele></trkpt>
   <trkpt lon="2.095897" lat="49.057622"><ele>79.0</ele></trkpt>
   <trkpt lon="2.095787" lat="49.057710"><ele>79.0</ele></trkpt>
   <trkpt lon="2.095669" lat="49.057801"><ele>79.5</ele></trkpt>
   <trkpt lon="2.095244" lat="49.058147"><ele>80.0</ele></trkpt>
   <trkpt lon="2.094665" lat="49.058618"><ele>81.0</ele></trkpt>
   <trkpt lon="2.094555" lat="49.058708"><ele>81.0</ele></trkpt>
   <trkpt lon="2.094456" lat="49.058788"><ele>81.0</ele></trkpt>
   <trkpt lon="2.093842" lat="49.059279"><ele>81.25</ele></trkpt>
   <trkpt lon="2.093774" lat="49.059334"><ele>81.5</ele></trkpt>
   <trkpt lon="2.093691" lat="49.059403"><ele>81.75</ele></trkpt>
   <trkpt lon="2.093317" lat="49.059716"><ele>82.0</ele></trkpt>
   <trkpt lon="2.092957" lat="49.060001"><ele>83.0</ele></trkpt>
   <trkpt lon="2.092898" lat="49.060057"><ele>83.0</ele></trkpt>
   <trkpt lon="2.092831" lat="49.060120"><ele>83.0</ele></trkpt>
   <trkpt lon="2.092593" lat="49.060344"><ele>83.0</ele></trkpt>
   <trkpt lon="2.092248" lat="49.060621"><ele>82.75</ele></trkpt>
   <trkpt lon="2.092208" lat="49.060652"><ele>83.0</ele></trkpt>
   <trkpt lon="2.092129" lat="49.060714"><ele>83.0</ele></trkpt>
   <trkpt lon="2.091995" lat="49.060818"><ele>83.0</ele></trkpt>
   <trkpt lon="2.091887" lat="49.060927"><ele>83.25</ele></trkpt>
   <trkpt lon="2.091700" lat="49.061191"><ele>83.75</ele></trkpt>
   <trkpt lon="2.091612" lat="49.061375"><ele>83.75</ele></trkpt>
   <trkpt lon="2.091572" lat="49.061510"><ele>83.75</ele></trkpt>
   <trkpt lon="2.091543" lat="49.061650"><ele>83.75</ele></trkpt>
   <trkpt lon="2.091543" lat="49.061823"><ele>84.0</ele></trkpt>
   <trkpt lon="2.091546" lat="49.061915"><ele>84.0</ele></trkpt>
   <trkpt lon="2.091558" lat="49.062041"><ele>83.75</ele></trkpt>
   <trkpt lon="2.091563" lat="49.062097"><ele>83.75</ele></trkpt>
   <trkpt lon="2.091585" lat="49.062513"><ele>83.75</ele></trkpt>
   <trkpt lon="2.091585" lat="49.062554"><ele>83.75</ele></trkpt>
   <trkpt lon="2.091584" lat="49.062783"><ele>83.5</ele></trkpt>
   <trkpt lon="2.091584" lat="49.062869"><ele>83.5</ele></trkpt>
   <trkpt lon="2.091583" lat="49.062915"><ele>83.5</ele></trkpt>
   <trkpt lon="2.091426" lat="49.062918"><ele>83.0</ele></trkpt>
   <trkpt lon="2.090625" lat="49.062937"><ele>82.75</ele></trkpt>
   <trkpt lon="2.090183" lat="49.062922"><ele>81.75</ele></trkpt>
   <trkpt lon="2.089937" lat="49.062933"><ele>81.0</ele></trkpt>
   <trkpt lon="2.089839" lat="49.062939"><ele>80.5</ele></trkpt>
   <trkpt lon="2.089771" lat="49.062963"><ele>80.25</ele></trkpt>
   <trkpt lon="2.089592" lat="49.063089"><ele>80.0</ele></trkpt>
   <trkpt lon="2.089232" lat="49.063599"><ele>79.0</ele></trkpt>
   <trkpt lon="2.089097" lat="49.063967"><ele>79.0</ele></trkpt>
   <trkpt lon="2.089080" lat="49.064071"><ele>79.25</ele></trkpt>
   <trkpt lon="2.089127" lat="49.064208"><ele>79.75</ele></trkpt>
   <trkpt lon="2.089284" lat="49.064425"><ele>80.25</ele></trkpt>
   <trkpt lon="2.089371" lat="49.064478"><ele>80.5</ele></trkpt>
   <trkpt lon="2.089549" lat="49.064666"><ele>81.0</ele></trkpt>
   <trkpt lon="2.090480" lat="49.065650"><ele>81.5</ele></trkpt>
   <trkpt lon="2.090562" lat="49.065737"><ele>82.0</ele></trkpt>
   <trkpt lon="2.090662" lat="49.065836"><ele>82.25</ele></trkpt>
   <trkpt lon="2.090709" lat="49.065882"><ele>82.5</ele></trkpt>
   <trkpt lon="2.090933" lat="49.066104"><ele>83.25</ele></trkpt>
   <trkpt lon="2.090966" lat="49.066134"><ele>83.5</ele></trkpt>
   <trkpt lon="2.091062" lat="49.066282"><ele>84.25</ele></trkpt>
   <trkpt lon="2.090278" lat="49.066764"><ele>83.5</ele></trkpt>
   <trkpt lon="2.090038" lat="49.066911"><ele>84.75</ele></trkpt>
   <trkpt lon="2.089723" lat="49.067112"><ele>84.0</ele></trkpt>
   <trkpt lon="2.089456" lat="49.067289"><ele>85.0</ele></trkpt>
   <trkpt lon="2.089418" lat="49.067314"><ele>84.75</ele></trkpt>
   <trkpt lon="2.089392" lat="49.067335"><ele>84.75</ele></trkpt>
   <trkpt lon="2.089323" lat="49.067379"><ele>84.75</ele></trkpt>
   <trkpt lon="2.088925" lat="49.067640"><ele>85.75</ele></trkpt>
   <trkpt lon="2.088858" lat="49.067687"><ele>85.75</ele></trkpt>
   <trkpt lon="2.088634" lat="49.067831"><ele>86.0</ele></trkpt>
   <trkpt lon="2.088366" lat="49.068001"><ele>85.75</ele></trkpt>
   <trkpt lon="2.088173" lat="49.068119"><ele>86.0</ele></trkpt>
   <trkpt lon="2.087937" lat="49.068299"><ele>85.75</ele></trkpt>
   <trkpt lon="2.087598" lat="49.068556"><ele>86.5</ele></trkpt>
   <trkpt lon="2.086308" lat="49.069652"><ele>88.5</ele></trkpt>
   <trkpt lon="2.085523" lat="49.070327"><ele>90.75</ele></trkpt>
   <trkpt lon="2.084090" lat="49.071564"><ele>92.25</ele></trkpt>
   <trkpt lon="2.083989" lat="49.071641"><ele>92.0</ele></trkpt>
   <trkpt lon="2.083964" lat="49.071659"><ele>92.0</ele></trkpt>
   <trkpt lon="2.083927" lat="49.071690"><ele>91.75</ele></trkpt>
   <trkpt lon="2.083945" lat="49.071757"><ele>91.75</ele></trkpt>
   <trkpt lon="2.083913" lat="49.071781"><ele>91.75</ele></trkpt>
   <trkpt lon="2.083861" lat="49.071819"><ele>91.75</ele></trkpt>
   <trkpt lon="2.083783" lat="49.071771"><ele>91.75</ele></trkpt>
   <trkpt lon="2.083699" lat="49.071719"><ele>91.25</ele></trkpt>
   <trkpt lon="2.082790" lat="49.071160"><ele>91.75</ele></trkpt>
   <trkpt lon="2.082734" lat="49.071138"><ele>91.75</ele></trkpt>
   <trkpt lon="2.082656" lat="49.071117"><ele>91.5</ele></trkpt>
   <trkpt lon="2.082538" lat="49.071103"><ele>91.0</ele></trkpt>
   <trkpt lon="2.082425" lat="49.071135"><ele>91.0</ele></trkpt>
   <trkpt lon="2.082304" lat="49.071147"><ele>91.0</ele></trkpt>
   <trkpt lon="2.082242" lat="49.071146"><ele>91.0</ele></trkpt>
   <trkpt lon="2.082103" lat="49.071185"><ele>90.5</ele></trkpt>
   <trkpt lon="2.082009" lat="49.071222"><ele>90.0</ele></trkpt>
   <trkpt lon="2.081681" lat="49.071443"><ele>90.25</ele></trkpt>
   <trkpt lon="2.081515" lat="49.071554"><ele>91.5</ele></trkpt>
   <trkpt lon="2.081172" lat="49.071801"><ele>92.25</ele></trkpt>
   <trkpt lon="2.080708" lat="49.072135"><ele>94.0</ele></trkpt>
   <trkpt lon="2.080070" lat="49.072600"><ele>93.5</ele></trkpt>
   <trkpt lon="2.078740" lat="49.073750"><ele>92.75</ele></trkpt>
   <trkpt lon="2.076483" lat="49.075609"><ele>95.75</ele></trkpt>
   <trkpt lon="2.074793" lat="49.077019"><ele>97.25</ele></trkpt>
   <trkpt lon="2.074509" lat="49.077279"><ele>97.5</ele></trkpt>
   <trkpt lon="2.073398" lat="49.078256"><ele>98.0</ele></trkpt>
   <trkpt lon="2.073114" lat="49.078520"><ele>98.75</ele></trkpt>
   <trkpt lon="2.072500" lat="49.079074"><ele>98.75</ele></trkpt>
   <trkpt lon="2.071971" lat="49.079603"><ele>98.25</ele></trkpt>
   <trkpt lon="2.071862" lat="49.079731"><ele>98.25</ele></trkpt>
   <trkpt lon="2.071819" lat="49.079782"><ele>98.25</ele></trkpt>
   <trkpt lon="2.071852" lat="49.079842"><ele>98.25</ele></trkpt>
   <trkpt lon="2.071860" lat="49.079907"><ele>98.25</ele></trkpt>
   <trkpt lon="2.071845" lat="49.079971"><ele>98.25</ele></trkpt>
   <trkpt lon="2.071803" lat="49.080033"><ele>98.25</ele></trkpt>
   <trkpt lon="2.071738" lat="49.080086"><ele>98.0</ele></trkpt>
   <trkpt lon="2.071654" lat="49.080126"><ele>98.0</ele></trkpt>
   <trkpt lon="2.071557" lat="49.080151"><ele>97.75</ele></trkpt>
   <trkpt lon="2.071454" lat="49.080159"><ele>97.75</ele></trkpt>
   <trkpt lon="2.071301" lat="49.080234"><ele>97.5</ele></trkpt>
   <trkpt lon="2.070785" lat="49.080624"><ele>97.0</ele></trkpt>
   <trkpt lon="2.070223" lat="49.081119"><ele>97.0</ele></trkpt>
   <trkpt lon="2.069536" lat="49.081715"><ele>98.0</ele></trkpt>
   <trkpt lon="2.068866" lat="49.082305"><ele>99.0</ele></trkpt>
   <trkpt lon="2.067487" lat="49.083529"><ele>100.75</ele></trkpt>
   <trkpt lon="2.066728" lat="49.084184"><ele>101.0</ele></trkpt>
   <trkpt lon="2.066447" lat="49.084394"><ele>101.0</ele></trkpt>
   <trkpt lon="2.065809" lat="49.084847"><ele>99.5</ele></trkpt>
   <trkpt lon="2.065394" lat="49.085135"><ele>98.5</ele></trkpt>
   <trkpt lon="2.065141" lat="49.085313"><ele>97.75</ele></trkpt>
   <trkpt lon="2.064446" lat="49.085800"><ele>95.0</ele></trkpt>
   <trkpt lon="2.064264" lat="49.085999"><ele>94.5</ele></trkpt>
   <trkpt lon="2.063688" lat="49.086407"><ele>93.25</ele></trkpt>
   <trkpt lon="2.063525" lat="49.086524"><ele>93.0</ele></trkpt>
   <trkpt lon="2.063295" lat="49.086683"><ele>93.0</ele></trkpt>
   <trkpt lon="2.063153" lat="49.086781"><ele>93.0</ele></trkpt>
   <trkpt lon="2.062822" lat="49.086950"><ele>92.75</ele></trkpt>
   <trkpt lon="2.062732" lat="49.087013"><ele>92.5</ele></trkpt>
   <trkpt lon="2.061621" lat="49.087800"><ele>89.75</ele></trkpt>
   <trkpt lon="2.060511" lat="49.088593"><ele>87.75</ele></trkpt>
   <trkpt lon="2.059697" lat="49.089220"><ele>88.0</ele></trkpt>
   <trkpt lon="2.059395" lat="49.089411"><ele>88.0</ele></trkpt>
   <trkpt lon="2.059176" lat="49.089537"><ele>88.0</ele></trkpt>
   <trkpt lon="2.059097" lat="49.089587"><ele>88.0</ele></trkpt>
   <trkpt lon="2.058906" lat="49.089744"><ele>88.75</ele></trkpt>
   <trkpt lon="2.058797" lat="49.089854"><ele>89.0</ele></trkpt>
   <trkpt lon="2.058741" lat="49.089917"><ele>89.25</ele></trkpt>
   <trkpt lon="2.058712" lat="49.089979"><ele>89.5</ele></trkpt>
   <trkpt lon="2.058725" lat="49.090032"><ele>89.5</ele></trkpt>
   <trkpt lon="2.058721" lat="49.090086"><ele>89.5</ele></trkpt>
   <trkpt lon="2.058683" lat="49.090163"><ele>89.5</ele></trkpt>
   <trkpt lon="2.058655" lat="49.090195"><ele>89.75</ele></trkpt>
   <trkpt lon="2.058581" lat="49.090249"><ele>90.0</ele></trkpt>
   <trkpt lon="2.058487" lat="49.090287"><ele>90.0</ele></trkpt>
   <trkpt lon="2.058380" lat="49.090307"><ele>90.0</ele></trkpt>
   <trkpt lon="2.058281" lat="49.090309"><ele>90.0</ele></trkpt>
   <trkpt lon="2.058232" lat="49.090303"><ele>90.0</ele></trkpt>
   <trkpt lon="2.058055" lat="49.090344"><ele>90.0</ele></trkpt>
   <trkpt lon="2.057965" lat="49.090392"><ele>90.0</ele></trkpt>
   <trkpt lon="2.057800" lat="49.090528"><ele>90.0</ele></trkpt>
   <trkpt lon="2.056545" lat="49.091460"><ele>90.75</ele></trkpt>
   <trkpt lon="2.056061" lat="49.091809"><ele>91.25</ele></trkpt>
   <trkpt lon="2.055099" lat="49.092453"><ele>92.5</ele></trkpt>
   <trkpt lon="2.054424" lat="49.092872"><ele>93.0</ele></trkpt>
   <trkpt lon="2.054243" lat="49.093001"><ele>93.0</ele></trkpt>
   <trkpt lon="2.051159" lat="49.095179"><ele>92.0</ele></trkpt>
   <trkpt lon="2.049499" lat="49.096337"><ele>93.0</ele></trkpt>
   <trkpt lon="2.047957" lat="49.097436"><ele>92.25</ele></trkpt>
   <trkpt lon="2.044267" lat="49.100037"><ele>92.0</ele></trkpt>
   <trkpt lon="2.043895" lat="49.100323"><ele>91.75</ele></trkpt>
   <trkpt lon="2.043431" lat="49.100664"><ele>92.0</ele></trkpt>
   <trkpt lon="2.042611" lat="49.101248"><ele>92.75</ele></trkpt>
   <trkpt lon="2.041806" lat="49.101818"><ele>93.25</ele></trkpt>
   <trkpt lon="2.041694" lat="49.101897"><ele>93.0</ele></trkpt>
   <trkpt lon="2.040658" lat="49.102611"><ele>94.0</ele></trkpt>
   <trkpt lon="2.039990" lat="49.103044"><ele>94.75</ele></trkpt>
   <trkpt lon="2.036287" lat="49.105657"><ele>102.25</ele></trkpt>
   <trkpt lon="2.033220" lat="49.107816"><ele>111.0</ele></trkpt>
   <trkpt lon="2.031727" lat="49.108998"><ele>114.0</ele></trkpt>
   <trkpt lon="2.031547" lat="49.109158"><ele>114.25</ele></trkpt>
   <trkpt lon="2.031409" lat="49.109302"><ele>114.75</ele></trkpt>
   <trkpt lon="2.031283" lat="49.109443"><ele>115.25</ele></trkpt>
   <trkpt lon="2.031185" lat="49.109568"><ele>115.25</ele></trkpt>
   <trkpt lon="2.031104" lat="49.109670"><ele>115.0</ele></trkpt>
   <trkpt lon="2.031057" lat="49.109750"><ele>115.25</ele></trkpt>
   <trkpt lon="2.031020" lat="49.109833"><ele>115.5</ele></trkpt>
   <trkpt lon="2.030973" lat="49.109978"><ele>116.25</ele></trkpt>
   <trkpt lon="2.031006" lat="49.110027"><ele>116.25</ele></trkpt>
   <trkpt lon="2.031016" lat="49.110081"><ele>116.25</ele></trkpt>
   <trkpt lon="2.031000" lat="49.110134"><ele>116.25</ele></trkpt>
   <trkpt lon="2.030956" lat="49.110186"><ele>116.5</ele></trkpt>
   <trkpt lon="2.030888" lat="49.110226"><ele>116.75</ele></trkpt>
   <trkpt lon="2.030804" lat="49.110249"><ele>117.0</ele></trkpt>
   <trkpt lon="2.030727" lat="49.110253"><ele>117.0</ele></trkpt>
   <trkpt lon="2.030651" lat="49.110243"><ele>117.0</ele></trkpt>
   <trkpt lon="2.030583" lat="49.110219"><ele>117.0</ele></trkpt>
   <trkpt lon="2.030527" lat="49.110184"><ele>116.75</ele></trkpt>
   <trkpt lon="2.030484" lat="49.110132"><ele>116.25</ele></trkpt>
   <trkpt lon="2.030469" lat="49.110073"><ele>116.5</ele></trkpt>
   <trkpt lon="2.030398" lat="49.110019"><ele>116.25</ele></trkpt>
   <trkpt lon="2.030292" lat="49.110007"><ele>116.0</ele></trkpt>
   <trkpt lon="2.030158" lat="49.110024"><ele>115.0</ele></trkpt>
   <trkpt lon="2.028888" lat="49.110875"><ele>113.75</ele></trkpt>
   <trkpt lon="2.027882" lat="49.111587"><ele>114.5</ele></trkpt>
   <trkpt lon="2.027752" lat="49.111679"><ele>115.0</ele></trkpt>
   <trkpt lon="2.027687" lat="49.111725"><ele>115.0</ele></trkpt>
   <trkpt lon="2.027500" lat="49.111857"><ele>115.5</ele></trkpt>
   <trkpt lon="2.027433" lat="49.111905"><ele>115.75</ele></trkpt>
   <trkpt lon="2.027371" lat="49.111949"><ele>116.0</ele></trkpt>
   <trkpt lon="2.027000" lat="49.112211"><ele>117.5</ele></trkpt>
   <trkpt lon="2.026945" lat="49.112250"><ele>117.75</ele></trkpt>
   <trkpt lon="2.026889" lat="49.112290"><ele>118.0</ele></trkpt>
   <trkpt lon="2.026834" lat="49.112328"><ele>118.25</ele></trkpt>
   <trkpt lon="2.025870" lat="49.113011"><ele>123.5</ele></trkpt>
   <trkpt lon="2.025838" lat="49.113033"><ele>123.75</ele></trkpt>
   <trkpt lon="2.025758" lat="49.113088"><ele>123.75</ele></trkpt>
   <trkpt lon="2.025683" lat="49.113138"><ele>124.0</ele></trkpt>
   <trkpt lon="2.025497" lat="49.113262"><ele>125.0</ele></trkpt>
   <trkpt lon="2.024282" lat="49.114126"><ele>131.75</ele></trkpt>
   <trkpt lon="2.024174" lat="49.114209"><ele>132.25</ele></trkpt>
   <trkpt lon="2.023917" lat="49.114439"><ele>133.75</ele></trkpt>
   <trkpt lon="2.023633" lat="49.114709"><ele>134.75</ele></trkpt>
   <trkpt lon="2.023298" lat="49.115053"><ele>136.25</ele></trkpt>
   <trkpt lon="2.023219" lat="49.115135"><ele>136.75</ele></trkpt>
   <trkpt lon="2.023063" lat="49.115302"><ele>137.0</ele></trkpt>
   <trkpt lon="2.022980" lat="49.115379"><ele>137.75</ele></trkpt>
   <trkpt lon="2.022831" lat="49.115498"><ele>138.75</ele></trkpt>
   <trkpt lon="2.022533" lat="49.115690"><ele>139.75</ele></trkpt>
   <trkpt lon="2.022392" lat="49.115762"><ele>140.0</ele></trkpt>
   <trkpt lon="2.022276" lat="49.115801"><ele>140.0</ele></trkpt>
   <trkpt lon="2.022128" lat="49.115822"><ele>140.25</ele></trkpt>
   <trkpt lon="2.022054" lat="49.115824"><ele>140.5</ele></trkpt>
   <trkpt lon="2.021927" lat="49.115812"><ele>141.0</ele></trkpt>
   <trkpt lon="2.021841" lat="49.115796"><ele>141.0</ele></trkpt>
   <trkpt lon="2.021356" lat="49.115700"><ele>141.5</ele></trkpt>
   <trkpt lon="2.021327" lat="49.115694"><ele>141.5</ele></trkpt>
   <trkpt lon="2.020826" lat="49.115593"><ele>142.0</ele></trkpt>
   <trkpt lon="2.020591" lat="49.115542"><ele>142.75</ele></trkpt>
   <trkpt lon="2.020387" lat="49.115500"><ele>142.5</ele></trkpt>
   <trkpt lon="2.019960" lat="49.115414"><ele>142.75</ele></trkpt>
   <trkpt lon="2.019425" lat="49.115307"><ele>143.25</ele></trkpt>
   <trkpt lon="2.019293" lat="49.115293"><ele>143.5</ele></trkpt>
   <trkpt lon="2.019247" lat="49.115295"><ele>143.75</ele></trkpt>
   <trkpt lon="2.019151" lat="49.115311"><ele>144.0</ele></trkpt>
   <trkpt lon="2.019061" lat="49.115339"><ele>144.0</ele></trkpt>
   <trkpt lon="2.018838" lat="49.115452"><ele>144.75</ele></trkpt>
   <trkpt lon="2.018627" lat="49.115571"><ele>145.75</ele></trkpt>
   <trkpt lon="2.018223" lat="49.115806"><ele>146.25</ele></trkpt>
   <trkpt lon="2.018091" lat="49.115882"><ele>146.75</ele></trkpt>
   <trkpt lon="2.017708" lat="49.116102"><ele>147.25</ele></trkpt>
   <trkpt lon="2.017514" lat="49.116217"><ele>147.75</ele></trkpt>
   <trkpt lon="2.017462" lat="49.116259"><ele>148.0</ele></trkpt>
   <trkpt lon="2.017417" lat="49.116308"><ele>148.0</ele></trkpt>
   <trkpt lon="2.017315" lat="49.116435"><ele>147.75</ele></trkpt>
   <trkpt lon="2.017075" lat="49.116753"><ele>146.0</ele></trkpt>
   <trkpt lon="2.016988" lat="49.116860"><ele>145.25</ele></trkpt>
   <trkpt lon="2.016885" lat="49.117008"><ele>144.5</ele></trkpt>
   <trkpt lon="2.016776" lat="49.117108"><ele>144.0</ele></trkpt>
   <trkpt lon="2.016708" lat="49.117196"><ele>144.0</ele></trkpt>
   <trkpt lon="2.016634" lat="49.117289"><ele>143.5</ele></trkpt>
   <trkpt lon="2.016550" lat="49.117396"><ele>143.0</ele></trkpt>
   <trkpt lon="2.016265" lat="49.117758"><ele>142.0</ele></trkpt>
   <trkpt lon="2.016182" lat="49.117902"><ele>142.0</ele></trkpt>
   <trkpt lon="2.016067" lat="49.118052"><ele>141.75</ele></trkpt>
   <trkpt lon="2.015924" lat="49.118202"><ele>141.5</ele></trkpt>
   <trkpt lon="2.015786" lat="49.118372"><ele>141.5</ele></trkpt>
   <trkpt lon="2.015730" lat="49.118428"><ele>141.5</ele></trkpt>
   <trkpt lon="2.015610" lat="49.118525"><ele>141.5</ele></trkpt>
   <trkpt lon="2.015493" lat="49.118605"><ele>141.75</ele></trkpt>
   <trkpt lon="2.015447" lat="49.118633"><ele>141.5</ele></trkpt>
   <trkpt lon="2.015403" lat="49.118657"><ele>141.25</ele></trkpt>
   <trkpt lon="2.015311" lat="49.118702"><ele>141.0</ele></trkpt>
   <trkpt lon="2.015045" lat="49.118812"><ele>140.75</ele></trkpt>
   <trkpt lon="2.014671" lat="49.118954"><ele>141.0</ele></trkpt>
   <trkpt lon="2.014503" lat="49.119019"><ele>141.25</ele></trkpt>
   <trkpt lon="2.013958" lat="49.119225"><ele>142.0</ele></trkpt>
   <trkpt lon="2.013800" lat="49.119286"><ele>142.5</ele></trkpt>
   <trkpt lon="2.013751" lat="49.119305"><ele>142.5</ele></trkpt>
   <trkpt lon="2.013723" lat="49.119316"><ele>142.75</ele></trkpt>
   <trkpt lon="2.013664" lat="49.119339"><ele>142.75</ele></trkpt>
   <trkpt lon="2.012758" lat="49.119689"><ele>144.75</ele></trkpt>
   <trkpt lon="2.012341" lat="49.119844"><ele>145.75</ele></trkpt>
   <trkpt lon="2.012168" lat="49.119909"><ele>146.0</ele></trkpt>
   <trkpt lon="2.011846" lat="49.120030"><ele>147.25</ele></trkpt>
   <trkpt lon="2.011589" lat="49.120127"><ele>148.25</ele></trkpt>
   <trkpt lon="2.011564" lat="49.120137"><ele>148.25</ele></trkpt>
   <trkpt lon="2.011504" lat="49.120160"><ele>148.5</ele></trkpt>
   <trkpt lon="2.011454" lat="49.120179"><ele>148.75</ele></trkpt>
   <trkpt lon="2.011216" lat="49.120270"><ele>149.0</ele></trkpt>
   <trkpt lon="2.011125" lat="49.120305"><ele>149.0</ele></trkpt>
   <trkpt lon="2.010968" lat="49.120366"><ele>149.75</ele></trkpt>
   <trkpt lon="2.010777" lat="49.120439"><ele>150.5</ele></trkpt>
   <trkpt lon="2.008407" lat="49.121351"><ele>155.5</ele></trkpt>
   <trkpt lon="2.006841" lat="49.121945"><ele>159.25</ele></trkpt>
   <trkpt lon="2.006498" lat="49.122075"><ele>160.25</ele></trkpt>
   <trkpt lon="2.005195" lat="49.122584"><ele>163.25</ele></trkpt>
   <trkpt lon="2.004127" lat="49.122991"><ele>165.0</ele></trkpt>
   <trkpt lon="2.003126" lat="49.123358"><ele>166.25</ele></trkpt>
   <trkpt lon="2.002633" lat="49.123553"><ele>166.0</ele></trkpt>
   <trkpt lon="2.002272" lat="49.123666"><ele>166.5</ele></trkpt>
   <trkpt lon="2.001731" lat="49.123817"><ele>166.0</ele></trkpt>
   <trkpt lon="2.001326" lat="49.123969"><ele>166.0</ele></trkpt>
   <trkpt lon="2.000900" lat="49.124192"><ele>165.0</ele></trkpt>
   <trkpt lon="2.000753" lat="49.124277"><ele>165.0</ele></trkpt>
   <trkpt lon="2.000720" lat="49.124310"><ele>165.0</ele></trkpt>
   <trkpt lon="2.000744" lat="49.124451"><ele>164.75</ele></trkpt>
   <trkpt lon="2.000778" lat="49.124501"><ele>164.75</ele></trkpt>
   <trkpt lon="2.000852" lat="49.124554"><ele>164.5</ele></trkpt>
   <trkpt lon="2.000903" lat="49.124576"><ele>164.5</ele></trkpt>
   <trkpt lon="2.001043" lat="49.124612"><ele>164.25</ele></trkpt>
   <trkpt lon="2.001108" lat="49.124597"><ele>164.25</ele></trkpt>
   <trkpt lon="2.001178" lat="49.124592"><ele>164.25</ele></trkpt>
   <trkpt lon="2.001265" lat="49.124603"><ele>164.0</ele></trkpt>
   <trkpt lon="2.001342" lat="49.124631"><ele>164.0</ele></trkpt>
   <trkpt lon="2.001402" lat="49.124672"><ele>164.0</ele></trkpt>
   <trkpt lon="2.001439" lat="49.124724"><ele>164.0</ele></trkpt>
   <trkpt lon="2.001450" lat="49.124766"><ele>164.0</ele></trkpt>
   <trkpt lon="2.001446" lat="49.124808"><ele>163.75</ele></trkpt>
   <trkpt lon="2.001428" lat="49.124849"><ele>163.5</ele></trkpt>
   <trkpt lon="2.001395" lat="49.124885"><ele>163.25</ele></trkpt>
   <trkpt lon="2.001344" lat="49.124920"><ele>163.25</ele></trkpt>
   <trkpt lon="2.001281" lat="49.124945"><ele>163.5</ele></trkpt>
   <trkpt lon="2.001209" lat="49.124958"><ele>163.5</ele></trkpt>
   <trkpt lon="2.001136" lat="49.124959"><ele>163.75</ele></trkpt>
   <trkpt lon="2.000924" lat="49.125081"><ele>163.5</ele></trkpt>
   <trkpt lon="2.000690" lat="49.125246"><ele>163.0</ele></trkpt>
   <trkpt lon="2.000349" lat="49.125546"><ele>162.0</ele></trkpt>
   <trkpt lon="1.999931" lat="49.125918"><ele>161.0</ele></trkpt>
   <trkpt lon="1.998362" lat="49.127308"><ele>156.25</ele></trkpt>
   <trkpt lon="1.998089" lat="49.127558"><ele>155.25</ele></trkpt>
   <trkpt lon="1.997953" lat="49.127694"><ele>154.5</ele></trkpt>
   <trkpt lon="1.997848" lat="49.127789"><ele>154.5</ele></trkpt>
   <trkpt lon="1.997564" lat="49.128042"><ele>154.75</ele></trkpt>
   <trkpt lon="1.997342" lat="49.128217"><ele>153.5</ele></trkpt>
   <trkpt lon="1.997234" lat="49.128300"><ele>153.75</ele></trkpt>
   <trkpt lon="1.996976" lat="49.128502"><ele>153.25</ele></trkpt>
   <trkpt lon="1.996279" lat="49.129132"><ele>150.75</ele></trkpt>
   <trkpt lon="1.995642" lat="49.129757"><ele>149.75</ele></trkpt>
   <trkpt lon="1.994868" lat="49.130481"><ele>147.5</ele></trkpt>
   <trkpt lon="1.994086" lat="49.131249"><ele>145.5</ele></trkpt>
   <trkpt lon="1.993825" lat="49.131490"><ele>144.5</ele></trkpt>
   <trkpt lon="1.993654" lat="49.131634"><ele>144.0</ele></trkpt>
   <trkpt lon="1.993201" lat="49.131951"><ele>141.25</ele></trkpt>
   <trkpt lon="1.993024" lat="49.132056"><ele>140.0</ele></trkpt>
   <trkpt lon="1.992050" lat="49.132506"><ele>135.75</ele></trkpt>
   <trkpt lon="1.991928" lat="49.132579"><ele>135.0</ele></trkpt>
   <trkpt lon="1.991849" lat="49.132654"><ele>134.0</ele></trkpt>
   <trkpt lon="1.991823" lat="49.132692"><ele>133.75</ele></trkpt>
   <trkpt lon="1.991788" lat="49.132772"><ele>133.0</ele></trkpt>
   <trkpt lon="1.991763" lat="49.132894"><ele>132.0</ele></trkpt>
   <trkpt lon="1.991747" lat="49.133113"><ele>130.25</ele></trkpt>
   <trkpt lon="1.991723" lat="49.133187"><ele>129.25</ele></trkpt>
   <trkpt lon="1.991693" lat="49.133232"><ele>129.0</ele></trkpt>
   <trkpt lon="1.991641" lat="49.133292"><ele>128.25</ele></trkpt>
   <trkpt lon="1.991252" lat="49.133616"><ele>125.75</ele></trkpt>
   <trkpt lon="1.990343" lat="49.134425"><ele>119.0</ele></trkpt>
   <trkpt lon="1.989376" lat="49.135313"><ele>111.25</ele></trkpt>
   <trkpt lon="1.988305" lat="49.136248"><ele>105.0</ele></trkpt>
   <trkpt lon="1.987266" lat="49.137171"><ele>102.5</ele></trkpt>
   <trkpt lon="1.987179" lat="49.137307"><ele>102.5</ele></trkpt>
   <trkpt lon="1.987108" lat="49.137435"><ele>102.25</ele></trkpt>
   <trkpt lon="1.987140" lat="49.137491"><ele>102.25</ele></trkpt>
   <trkpt lon="1.987140" lat="49.137551"><ele>102.0</ele></trkpt>
   <trkpt lon="1.987110" lat="49.137607"><ele>102.0</ele></trkpt>
   <trkpt lon="1.987053" lat="49.137653"><ele>102.25</ele></trkpt>
   <trkpt lon="1.986976" lat="49.137684"><ele>102.25</ele></trkpt>
   <trkpt lon="1.986888" lat="49.137696"><ele>102.0</ele></trkpt>
   <trkpt lon="1.986799" lat="49.137688"><ele>102.0</ele></trkpt>
   <trkpt lon="1.986645" lat="49.137774"><ele>101.75</ele></trkpt>
   <trkpt lon="1.986515" lat="49.137846"><ele>101.5</ele></trkpt>
   <trkpt lon="1.984744" lat="49.139429"><ele>103.75</ele></trkpt>
   <trkpt lon="1.984651" lat="49.139511"><ele>103.75</ele></trkpt>
   <trkpt lon="1.984575" lat="49.139579"><ele>103.75</ele></trkpt>
   <trkpt lon="1.984396" lat="49.139739"><ele>104.75</ele></trkpt>
   <trkpt lon="1.983829" lat="49.140245"><ele>106.5</ele></trkpt>
   <trkpt lon="1.982346" lat="49.141568"><ele>112.0</ele></trkpt>
   <trkpt lon="1.982142" lat="49.141750"><ele>112.75</ele></trkpt>
   <trkpt lon="1.981776" lat="49.142070"><ele>114.25</ele></trkpt>
   <trkpt lon="1.981674" lat="49.142157"><ele>114.75</ele></trkpt>
   <trkpt lon="1.981586" lat="49.142234"><ele>114.5</ele></trkpt>
   <trkpt lon="1.981425" lat="49.142363"><ele>114.5</ele></trkpt>
   <trkpt lon="1.980941" lat="49.142794"><ele>113.75</ele></trkpt>
   <trkpt lon="1.980808" lat="49.142905"><ele>113.25</ele></trkpt>
   <trkpt lon="1.980739" lat="49.142965"><ele>112.75</ele></trkpt>
   <trkpt lon="1.980341" lat="49.143355"><ele>111.0</ele></trkpt>
   <trkpt lon="1.980325" lat="49.143371"><ele>111.0</ele></trkpt>
   <trkpt lon="1.980255" lat="49.143441"><ele>110.5</ele></trkpt>
   <trkpt lon="1.980487" lat="49.143572"><ele>110.75</ele></trkpt>
   <trkpt lon="1.980947" lat="49.143861"><ele>111.5</ele></trkpt>
   <trkpt lon="1.981179" lat="49.143967"><ele>112.0</ele></trkpt>
   <trkpt lon="1.981280" lat="49.144010"><ele>112.25</ele></trkpt>
   <trkpt lon="1.981591" lat="49.144126"><ele>112.75</ele></trkpt>
   <trkpt lon="1.981699" lat="49.144164"><ele>113.0</ele></trkpt>
   <trkpt lon="1.981899" lat="49.144231"><ele>113.0</ele></trkpt>
   <trkpt lon="1.982217" lat="49.144347"><ele>113.75</ele></trkpt>
   <trkpt lon="1.982842" lat="49.144640"><ele>115.75</ele></trkpt>
   <trkpt lon="1.983117" lat="49.144732"><ele>116.25</ele></trkpt>
   <trkpt lon="1.983058" lat="49.144792"><ele>116.5</ele></trkpt>
   <trkpt lon="1.983028" lat="49.144831"><ele>116.75</ele></trkpt>
   <trkpt lon="1.982997" lat="49.144849"><ele>116.75</ele></trkpt>
   <trkpt lon="1.982909" lat="49.144876"><ele>117.25</ele></trkpt>
   <trkpt lon="1.982800" lat="49.144911"><ele>117.25</ele></trkpt>
   <trkpt lon="1.982750" lat="49.144936"><ele>117.25</ele></trkpt>
   <trkpt lon="1.982575" lat="49.144907"><ele>116.75</ele></trkpt>
   <trkpt lon="1.982174" lat="49.144856"><ele>115.0</ele></trkpt>
   <trkpt lon="1.982035" lat="49.144868"><ele>114.25</ele></trkpt>
   <trkpt lon="1.981835" lat="49.144924"><ele>113.5</ele></trkpt>
   <trkpt lon="1.981696" lat="49.144962"><ele>113.0</ele></trkpt>
   <trkpt lon="1.981604" lat="49.144988"><ele>112.75</ele></trkpt>
   <trkpt lon="1.981421" lat="49.145044"><ele>112.0</ele></trkpt>
   <trkpt lon="1.980795" lat="49.145239"><ele>110.75</ele></trkpt>
   <trkpt lon="1.980667" lat="49.145280"><ele>110.25</ele></trkpt>
   <trkpt lon="1.980682" lat="49.145315"><ele>110.25</ele></trkpt>
   <trkpt lon="1.980680" lat="49.145351"><ele>110.25</ele></trkpt>
   <trkpt lon="1.980661" lat="49.145385"><ele>110.25</ele></trkpt>
   <trkpt lon="1.980631" lat="49.145410"><ele>110.25</ele></trkpt>
   <trkpt lon="1.980593" lat="49.145428"><ele>110.0</ele></trkpt>
   <trkpt lon="1.980548" lat="49.145439"><ele>109.75</ele></trkpt>
   <trkpt lon="1.980498" lat="49.145442"><ele>109.75</ele></trkpt>
   <trkpt lon="1.980448" lat="49.145434"><ele>109.75</ele></trkpt>
   <trkpt lon="1.980408" lat="49.145420"><ele>109.5</ele></trkpt>
   <trkpt lon="1.980376" lat="49.145400"><ele>109.5</ele></trkpt>
   <trkpt lon="1.980352" lat="49.145375"><ele>109.5</ele></trkpt>
   <trkpt lon="1.978920" lat="49.145811"><ele>109.75</ele></trkpt>
   <trkpt lon="1.978885" lat="49.145841"><ele>110.0</ele></trkpt>
   <trkpt lon="1.978102" lat="49.145569"><ele>108.0</ele></trkpt>
   <trkpt lon="1.978040" lat="49.145548"><ele>108.0</ele></trkpt>
   <trkpt lon="1.977939" lat="49.145586"><ele>108.5</ele></trkpt>
   <trkpt lon="1.977819" lat="49.145632"><ele>109.0</ele></trkpt>
   <trkpt lon="1.977514" lat="49.145752"><ele>109.5</ele></trkpt>
   <trkpt lon="1.976781" lat="49.146046"><ele>109.0</ele></trkpt>
   <trkpt lon="1.976736" lat="49.146062"><ele>109.0</ele></trkpt>
   <trkpt lon="1.975448" lat="49.146548"><ele>106.75</ele></trkpt>
   <trkpt lon="1.975162" lat="49.146660"><ele>106.5</ele></trkpt>
   <trkpt lon="1.975089" lat="49.146688"><ele>106.25</ele></trkpt>
   <trkpt lon="1.974958" lat="49.146740"><ele>105.75</ele></trkpt>
   <trkpt lon="1.974591" lat="49.146885"><ele>104.75</ele></trkpt>
   <trkpt lon="1.973663" lat="49.147235"><ele>103.0</ele></trkpt>
   <trkpt lon="1.972210" lat="49.147805"><ele>101.75</ele></trkpt>
   <trkpt lon="1.972031" lat="49.147874"><ele>102.0</ele></trkpt>
   <trkpt lon="1.970284" lat="49.148561"><ele>104.75</ele></trkpt>
   <trkpt lon="1.969964" lat="49.148703"><ele>105.25</ele></trkpt>
   <trkpt lon="1.969863" lat="49.148783"><ele>105.75</ele></trkpt>
   <trkpt lon="1.969823" lat="49.148809"><ele>105.75</ele></trkpt>
   <trkpt lon="1.969816" lat="49.148848"><ele>105.75</ele></trkpt>
   <trkpt lon="1.969781" lat="49.148899"><ele>106.0</ele></trkpt>
   <trkpt lon="1.969725" lat="49.148941"><ele>106.25</ele></trkpt>
   <trkpt lon="1.969677" lat="49.148964"><ele>106.5</ele></trkpt>
   <trkpt lon="1.969585" lat="49.148979"><ele>107.25</ele></trkpt>
   <trkpt lon="1.969488" lat="49.148974"><ele>107.5</ele></trkpt>
   <trkpt lon="1.969412" lat="49.148953"><ele>107.5</ele></trkpt>
   <trkpt lon="1.969254" lat="49.148988"><ele>107.75</ele></trkpt>
   <trkpt lon="1.968909" lat="49.149095"><ele>107.5</ele></trkpt>
   <trkpt lon="1.968767" lat="49.149156"><ele>107.75</ele></trkpt>
   <trkpt lon="1.965032" lat="49.150618"><ele>106.0</ele></trkpt>
   <trkpt lon="1.964841" lat="49.150694"><ele>105.5</ele></trkpt>
   <trkpt lon="1.964676" lat="49.150779"><ele>105.75</ele></trkpt>
   <trkpt lon="1.964597" lat="49.150840"><ele>105.75</ele></trkpt>
   <trkpt lon="1.964558" lat="49.150896"><ele>105.75</ele></trkpt>
   <trkpt lon="1.964548" lat="49.150952"><ele>105.5</ele></trkpt>
   <trkpt lon="1.964511" lat="49.151003"><ele>105.25</ele></trkpt>
   <trkpt lon="1.964450" lat="49.151043"><ele>105.0</ele></trkpt>
   <trkpt lon="1.964373" lat="49.151068"><ele>105.0</ele></trkpt>
   <trkpt lon="1.964287" lat="49.151075"><ele>105.0</ele></trkpt>
   <trkpt lon="1.964202" lat="49.151062"><ele>105.0</ele></trkpt>
   <trkpt lon="1.964141" lat="49.151039"><ele>105.0</ele></trkpt>
   <trkpt lon="1.963944" lat="49.151074"><ele>105.0</ele></trkpt>
   <trkpt lon="1.963836" lat="49.151099"><ele>105.0</ele></trkpt>
   <trkpt lon="1.963743" lat="49.151129"><ele>104.75</ele></trkpt>
   <trkpt lon="1.963639" lat="49.151161"><ele>104.5</ele></trkpt>
   <trkpt lon="1.958706" lat="49.153093"><ele>113.0</ele></trkpt>
   <trkpt lon="1.957868" lat="49.153418"><ele>111.0</ele></trkpt>
   <trkpt lon="1.955203" lat="49.154466"><ele>104.75</ele></trkpt>
   <trkpt lon="1.954829" lat="49.154606"><ele>103.75</ele></trkpt>
   <trkpt lon="1.954690" lat="49.154660"><ele>103.0</ele></trkpt>
   <trkpt lon="1.952329" lat="49.155588"><ele>95.75</ele></trkpt>
   <trkpt lon="1.951013" lat="49.156096"><ele>94.0</ele></trkpt>
   <trkpt lon="1.948085" lat="49.157236"><ele>97.0</ele></trkpt>
   <trkpt lon="1.947556" lat="49.157442"><ele>97.75</ele></trkpt>
   <trkpt lon="1.947412" lat="49.157529"><ele>98.0</ele></trkpt>
   <trkpt lon="1.947334" lat="49.157588"><ele>98.25</ele></trkpt>
   <trkpt lon="1.947339" lat="49.157642"><ele>98.5</ele></trkpt>
   <trkpt lon="1.947319" lat="49.157693"><ele>98.5</ele></trkpt>
   <trkpt lon="1.947276" lat="49.157738"><ele>98.75</ele></trkpt>
   <trkpt lon="1.947215" lat="49.157772"><ele>98.75</ele></trkpt>
   <trkpt lon="1.947141" lat="49.157792"><ele>99.0</ele></trkpt>
   <trkpt lon="1.947046" lat="49.157797"><ele>98.75</ele></trkpt>
   <trkpt lon="1.946975" lat="49.157783"><ele>99.0</ele></trkpt>
   <trkpt lon="1.946901" lat="49.157752"><ele>98.75</ele></trkpt>
   <trkpt lon="1.946847" lat="49.157707"><ele>98.75</ele></trkpt>
   <trkpt lon="1.946642" lat="49.157696"><ele>98.5</ele></trkpt>
   <trkpt lon="1.946456" lat="49.157695"><ele>98.5</ele></trkpt>
   <trkpt lon="1.945984" lat="49.157749"><ele>97.75</ele></trkpt>
   <trkpt lon="1.945955" lat="49.157752"><ele>97.75</ele></trkpt>
   <trkpt lon="1.945627" lat="49.157784"><ele>97.25</ele></trkpt>
   <trkpt lon="1.944645" lat="49.157870"><ele>96.0</ele></trkpt>
   <trkpt lon="1.943919" lat="49.157926"><ele>95.0</ele></trkpt>
   <trkpt lon="1.943342" lat="49.157971"><ele>95.0</ele></trkpt>
   <trkpt lon="1.943162" lat="49.157986"><ele>94.25</ele></trkpt>
   <trkpt lon="1.942983" lat="49.158000"><ele>93.75</ele></trkpt>
   <trkpt lon="1.942969" lat="49.158001"><ele>93.5</ele></trkpt>
   <trkpt lon="1.942854" lat="49.158009"><ele>93.25</ele></trkpt>
   <trkpt lon="1.942830" lat="49.158011"><ele>93.25</ele></trkpt>
   <trkpt lon="1.942722" lat="49.158019"><ele>92.75</ele></trkpt>
   <trkpt lon="1.942390" lat="49.158046"><ele>91.5</ele></trkpt>
   <trkpt lon="1.942184" lat="49.158064"><ele>90.75</ele></trkpt>
   <trkpt lon="1.942142" lat="49.158067"><ele>90.75</ele></trkpt>
   <trkpt lon="1.940298" lat="49.158217"><ele>88.25</ele></trkpt>
   <trkpt lon="1.939680" lat="49.158271"><ele>83.5</ele></trkpt>
   <trkpt lon="1.939518" lat="49.158294"><ele>81.5</ele></trkpt>
   <trkpt lon="1.939384" lat="49.158331"><ele>79.75</ele></trkpt>
   <trkpt lon="1.939269" lat="49.158389"><ele>79.5</ele></trkpt>
   <trkpt lon="1.939059" lat="49.158545"><ele>77.5</ele></trkpt>
   <trkpt lon="1.938830" lat="49.158737"><ele>74.5</ele></trkpt>
   <trkpt lon="1.938779" lat="49.158782"><ele>74.25</ele></trkpt>
   <trkpt lon="1.938693" lat="49.158858"><ele>73.5</ele></trkpt>
   <trkpt lon="1.938043" lat="49.159401"><ele>68.5</ele></trkpt>
   <trkpt lon="1.937382" lat="49.159966"><ele>64.5</ele></trkpt>
   <trkpt lon="1.937257" lat="49.160068"><ele>64.0</ele></trkpt>
   <trkpt lon="1.937157" lat="49.160132"><ele>64.0</ele></trkpt>
   <trkpt lon="1.937109" lat="49.160073"><ele>64.0</ele></trkpt>
   <trkpt lon="1.937073" lat="49.159986"><ele>63.25</ele></trkpt>
   <trkpt lon="1.936896" lat="49.159551"><ele>63.25</ele></trkpt>
   <trkpt lon="1.936835" lat="49.159371"><ele>63.25</ele></trkpt>
   <trkpt lon="1.936748" lat="49.159169"><ele>63.0</ele></trkpt>
   <trkpt lon="1.936739" lat="49.159132"><ele>62.75</ele></trkpt>
   <trkpt lon="1.936747" lat="49.159081"><ele>62.75</ele></trkpt>
   <trkpt lon="1.936770" lat="49.159052"><ele>62.5</ele></trkpt>
   <trkpt lon="1.936808" lat="49.159022"><ele>62.5</ele></trkpt>
   <trkpt lon="1.937787" lat="49.158382"><ele>63.75</ele></trkpt>
   <trkpt lon="1.937928" lat="49.158293"><ele>64.25</ele></trkpt>
   <trkpt lon="1.938034" lat="49.158223"><ele>64.75</ele></trkpt>
   <trkpt lon="1.938079" lat="49.158166"><ele>65.25</ele></trkpt>
   <trkpt lon="1.938091" lat="49.158054"><ele>65.5</ele></trkpt>
   <trkpt lon="1.938092" lat="49.157902"><ele>66.0</ele></trkpt>
   <trkpt lon="1.937900" lat="49.157336"><ele>66.0</ele></trkpt>
   <trkpt lon="1.937877" lat="49.157232"><ele>65.25</ele></trkpt>
   <trkpt lon="1.937881" lat="49.157180"><ele>65.25</ele></trkpt>
   <trkpt lon="1.937956" lat="49.156949"><ele>65.25</ele></trkpt>
   <trkpt lon="1.938034" lat="49.156761"><ele>65.0</ele></trkpt>
   <trkpt lon="1.938391" lat="49.156071"><ele>64.0</ele></trkpt>
   <trkpt lon="1.938438" lat="49.155997"><ele>63.75</ele></trkpt>
   <trkpt lon="1.938550" lat="49.155875"><ele>63.75</ele></trkpt>
   <trkpt lon="1.938875" lat="49.155669"><ele>63.5</ele></trkpt>
   <trkpt lon="1.939127" lat="49.155497"><ele>63.75</ele></trkpt>
   <trkpt lon="1.939205" lat="49.155434"><ele>64.0</ele></trkpt>
   <trkpt lon="1.939725" lat="49.154945"><ele>63.25</ele></trkpt>
   <trkpt lon="1.939826" lat="49.154873"><ele>63.75</ele></trkpt>
   <trkpt lon="1.940172" lat="49.154678"><ele>63.75</ele></trkpt>
   <trkpt lon="1.941479" lat="49.153924"><ele>64.75</ele></trkpt>
   <trkpt lon="1.941639" lat="49.153855"><ele>64.25</ele></trkpt>
   <trkpt lon="1.941992" lat="49.153747"><ele>64.0</ele></trkpt>
   <trkpt lon="1.942076" lat="49.153736"><ele>64.0</ele></trkpt>
   <trkpt lon="1.942545" lat="49.153711"><ele>64.75</ele></trkpt>
   <trkpt lon="1.942783" lat="49.153704"><ele>65.25</ele></trkpt>
   <trkpt lon="1.942871" lat="49.153693"><ele>65.0</ele></trkpt>
   <trkpt lon="1.942915" lat="49.153677"><ele>64.75</ele></trkpt>
   <trkpt lon="1.942945" lat="49.153657"><ele>64.5</ele></trkpt>
   <trkpt lon="1.942983" lat="49.153614"><ele>64.0</ele></trkpt>
   <trkpt lon="1.943011" lat="49.153496"><ele>63.75</ele></trkpt>
   <trkpt lon="1.943054" lat="49.153244"><ele>64.25</ele></trkpt>
   <trkpt lon="1.943062" lat="49.153091"><ele>64.75</ele></trkpt>
   <trkpt lon="1.942975" lat="49.152738"><ele>66.5</ele></trkpt>
   <trkpt lon="1.942944" lat="49.152529"><ele>67.5</ele></trkpt>
   <trkpt lon="1.943014" lat="49.152213"><ele>69.5</ele></trkpt>
   <trkpt lon="1.943009" lat="49.151816"><ele>67.75</ele></trkpt>
   <trkpt lon="1.942928" lat="49.151286"><ele>67.0</ele></trkpt>
   <trkpt lon="1.942900" lat="49.151206"><ele>67.0</ele></trkpt>
   <trkpt lon="1.942851" lat="49.151122"><ele>66.75</ele></trkpt>
   <trkpt lon="1.942631" lat="49.150848"><ele>66.25</ele></trkpt>
   <trkpt lon="1.942548" lat="49.150759"><ele>66.5</ele></trkpt>
   <trkpt lon="1.942404" lat="49.150640"><ele>66.5</ele></trkpt>
   <trkpt lon="1.942282" lat="49.150550"><ele>65.75</ele></trkpt>
   <trkpt lon="1.942157" lat="49.150472"><ele>65.5</ele></trkpt>
   <trkpt lon="1.941400" lat="49.150078"><ele>64.5</ele></trkpt>
   <trkpt lon="1.941075" lat="49.149946"><ele>64.5</ele></trkpt>
   <trkpt lon="1.940433" lat="49.149742"><ele>64.75</ele></trkpt>
   <trkpt lon="1.940169" lat="49.149639"><ele>64.75</ele></trkpt>
   <trkpt lon="1.939928" lat="49.149490"><ele>64.25</ele></trkpt>
   <trkpt lon="1.939550" lat="49.149138"><ele>63.75</ele></trkpt>
   <trkpt lon="1.939419" lat="49.148935"><ele>63.25</ele></trkpt>
   <trkpt lon="1.939330" lat="49.148736"><ele>63.5</ele></trkpt>
   <trkpt lon="1.939152" lat="49.148173"><ele>62.25</ele></trkpt>
   <trkpt lon="1.939011" lat="49.147477"><ele>62.5</ele></trkpt>
   <trkpt lon="1.938997" lat="49.147375"><ele>63.0</ele></trkpt>
   <trkpt lon="1.938992" lat="49.147283"><ele>63.75</ele></trkpt>
   <trkpt lon="1.939000" lat="49.147037"><ele>64.25</ele></trkpt>
   <trkpt lon="1.939021" lat="49.146871"><ele>64.25</ele></trkpt>
   <trkpt lon="1.939047" lat="49.146781"><ele>64.0</ele></trkpt>
   <trkpt lon="1.939078" lat="49.146702"><ele>64.0</ele></trkpt>
   <trkpt lon="1.939119" lat="49.146629"><ele>63.5</ele></trkpt>
   <trkpt lon="1.939161" lat="49.146575"><ele>63.25</ele></trkpt>
   <trkpt lon="1.939260" lat="49.146496"><ele>62.75</ele></trkpt>
   <trkpt lon="1.939527" lat="49.146340"><ele>60.75</ele></trkpt>
   <trkpt lon="1.939775" lat="49.146200"><ele>59.5</ele></trkpt>
   <trkpt lon="1.939871" lat="49.146132"><ele>58.25</ele></trkpt>
   <trkpt lon="1.939981" lat="49.146009"><ele>58.0</ele></trkpt>
   <trkpt lon="1.940011" lat="49.145949"><ele>58.0</ele></trkpt>
   <trkpt lon="1.940029" lat="49.145875"><ele>58.0</ele></trkpt>
   <trkpt lon="1.940031" lat="49.145660"><ele>58.0</ele></trkpt>
   <trkpt lon="1.939933" lat="49.145545"><ele>58.0</ele></trkpt>
   <trkpt lon="1.939428" lat="49.144949"><ele>61.25</ele></trkpt>
   <trkpt lon="1.939381" lat="49.144756"><ele>62.0</ele></trkpt>
   <trkpt lon="1.939411" lat="49.144545"><ele>63.25</ele></trkpt>
   <trkpt lon="1.940049" lat="49.143305"><ele>71.75</ele></trkpt>
   <trkpt lon="1.940045" lat="49.143035"><ele>70.5</ele></trkpt>
   <trkpt lon="1.939806" lat="49.142158"><ele>69.5</ele></trkpt>
   <trkpt lon="1.939788" lat="49.140596"><ele>69.75</ele></trkpt>
   <trkpt lon="1.939827" lat="49.139946"><ele>69.0</ele></trkpt>
   <trkpt lon="1.939845" lat="49.139809"><ele>68.75</ele></trkpt>
   <trkpt lon="1.939886" lat="49.139676"><ele>68.25</ele></trkpt>
   <trkpt lon="1.939959" lat="49.139538"><ele>68.0</ele></trkpt>
   <trkpt lon="1.940069" lat="49.139405"><ele>67.75</ele></trkpt>
   <trkpt lon="1.940376" lat="49.139175"><ele>68.0</ele></trkpt>
   <trkpt lon="1.940725" lat="49.138953"><ele>66.75</ele></trkpt>
   <trkpt lon="1.941294" lat="49.138671"><ele>66.75</ele></trkpt>
   <trkpt lon="1.941425" lat="49.138616"><ele>67.0</ele></trkpt>
   <trkpt lon="1.941553" lat="49.138589"><ele>67.25</ele></trkpt>
   <trkpt lon="1.941741" lat="49.138560"><ele>67.75</ele></trkpt>
   <trkpt lon="1.942385" lat="49.138422"><ele>67.75</ele></trkpt>
   <trkpt lon="1.942449" lat="49.138395"><ele>67.5</ele></trkpt>
   <trkpt lon="1.942750" lat="49.138192"><ele>66.25</ele></trkpt>
   <trkpt lon="1.942794" lat="49.138158"><ele>66.0</ele></trkpt>
   <trkpt lon="1.942925" lat="49.138060"><ele>65.5</ele></trkpt>
   <trkpt lon="1.942975" lat="49.137887"><ele>64.25</ele></trkpt>
   <trkpt lon="1.943006" lat="49.137843"><ele>64.25</ele></trkpt>
   <trkpt lon="1.943332" lat="49.137550"><ele>63.25</ele></trkpt>
   <trkpt lon="1.943338" lat="49.137536"><ele>63.25</ele></trkpt>
   <trkpt lon="1.943348" lat="49.137517"><ele>63.0</ele></trkpt>
   <trkpt lon="1.943437" lat="49.137195"><ele>62.5</ele></trkpt>
   <trkpt lon="1.943485" lat="49.136959"><ele>61.5</ele></trkpt>
   <trkpt lon="1.943415" lat="49.136879"><ele>60.5</ele></trkpt>
   <trkpt lon="1.943451" lat="49.136873"><ele>60.5</ele></trkpt>
   <trkpt lon="1.943498" lat="49.136855"><ele>60.75</ele></trkpt>
   <trkpt lon="1.943589" lat="49.136791"><ele>61.0</ele></trkpt>
   <trkpt lon="1.944020" lat="49.136345"><ele>62.75</ele></trkpt>
   <trkpt lon="1.944490" lat="49.135915"><ele>62.75</ele></trkpt>
   <trkpt lon="1.944827" lat="49.135565"><ele>63.75</ele></trkpt>
   <trkpt lon="1.944975" lat="49.135451"><ele>63.75</ele></trkpt>
   <trkpt lon="1.945054" lat="49.135401"><ele>64.0</ele></trkpt>
   <trkpt lon="1.945156" lat="49.135347"><ele>64.25</ele></trkpt>
   <trkpt lon="1.945240" lat="49.135311"><ele>64.75</ele></trkpt>
   <trkpt lon="1.945354" lat="49.135276"><ele>65.25</ele></trkpt>
   <trkpt lon="1.945451" lat="49.135256"><ele>65.25</ele></trkpt>
   <trkpt lon="1.945601" lat="49.135236"><ele>66.0</ele></trkpt>
   <trkpt lon="1.945604" lat="49.135208"><ele>65.75</ele></trkpt>
   <trkpt lon="1.945611" lat="49.135175"><ele>65.75</ele></trkpt>
   <trkpt lon="1.945866" lat="49.134660"><ele>64.5</ele></trkpt>
   <trkpt lon="1.946057" lat="49.134333"><ele>64.5</ele></trkpt>
   <trkpt lon="1.946126" lat="49.134280"><ele>65.0</ele></trkpt>
   <trkpt lon="1.946548" lat="49.133954"><ele>65.75</ele></trkpt>
   <trkpt lon="1.946751" lat="49.133672"><ele>66.25</ele></trkpt>
   <trkpt lon="1.946987" lat="49.133112"><ele>66.25</ele></trkpt>
   <trkpt lon="1.947182" lat="49.132714"><ele>65.25</ele></trkpt>
   <trkpt lon="1.947210" lat="49.132680"><ele>65.0</ele></trkpt>
   <trkpt lon="1.947337" lat="49.132526"><ele>64.5</ele></trkpt>
   <trkpt lon="1.947630" lat="49.132336"><ele>63.75</ele></trkpt>
   <trkpt lon="1.948053" lat="49.132167"><ele>62.0</ele></trkpt>
   <trkpt lon="1.949023" lat="49.131947"><ele>59.0</ele></trkpt>
   <trkpt lon="1.949199" lat="49.131883"><ele>58.75</ele></trkpt>
   <trkpt lon="1.949337" lat="49.131814"><ele>58.75</ele></trkpt>
   <trkpt lon="1.949484" lat="49.131714"><ele>59.0</ele></trkpt>
   <trkpt lon="1.949598" lat="49.131601"><ele>59.5</ele></trkpt>
   <trkpt lon="1.949939" lat="49.131259"><ele>61.5</ele></trkpt>
   <trkpt lon="1.950456" lat="49.130789"><ele>62.25</ele></trkpt>
   <trkpt lon="1.950999" lat="49.130231"><ele>64.0</ele></trkpt>
   <trkpt lon="1.951122" lat="49.130031"><ele>65.25</ele></trkpt>
   <trkpt lon="1.951190" lat="49.129787"><ele>65.75</ele></trkpt>
   <trkpt lon="1.951211" lat="49.129571"><ele>66.25</ele></trkpt>
   <trkpt lon="1.951180" lat="49.129404"><ele>66.0</ele></trkpt>
   <trkpt lon="1.950861" lat="49.128686"><ele>63.75</ele></trkpt>
   <trkpt lon="1.950762" lat="49.128418"><ele>63.25</ele></trkpt>
   <trkpt lon="1.950764" lat="49.128369"><ele>63.25</ele></trkpt>
   <trkpt lon="1.950773" lat="49.128351"><ele>63.5</ele></trkpt>
   <trkpt lon="1.950793" lat="49.128337"><ele>63.5</ele></trkpt>
   <trkpt lon="1.950624" lat="49.128012"><ele>63.0</ele></trkpt>
   <trkpt lon="1.950524" lat="49.127769"><ele>63.5</ele></trkpt>
   <trkpt lon="1.950315" lat="49.127372"><ele>61.75</ele></trkpt>
   <trkpt lon="1.950309" lat="49.127362"><ele>61.75</ele></trkpt>
   <trkpt lon="1.950286" lat="49.127321"><ele>61.25</ele></trkpt>
   <trkpt lon="1.950210" lat="49.127185"><ele>60.5</ele></trkpt>
   <trkpt lon="1.950010" lat="49.126805"><ele>58.5</ele></trkpt>
   <trkpt lon="1.949992" lat="49.126764"><ele>58.25</ele></trkpt>
   <trkpt lon="1.949976" lat="49.126710"><ele>58.0</ele></trkpt>
   <trkpt lon="1.949957" lat="49.126482"><ele>56.5</ele></trkpt>
   <trkpt lon="1.949967" lat="49.126349"><ele>55.75</ele></trkpt>
   <trkpt lon="1.949980" lat="49.126291"><ele>55.75</ele></trkpt>
   <trkpt lon="1.950009" lat="49.126224"><ele>56.0</ele></trkpt>
   <trkpt lon="1.950110" lat="49.126064"><ele>56.0</ele></trkpt>
   <trkpt lon="1.950207" lat="49.125911"><ele>56.0</ele></trkpt>
   <trkpt lon="1.950336" lat="49.125694"><ele>55.5</ele></trkpt>
   <trkpt lon="1.950341" lat="49.125650"><ele>55.5</ele></trkpt>
   <trkpt lon="1.950335" lat="49.125620"><ele>55.25</ele></trkpt>
   <trkpt lon="1.950312" lat="49.125582"><ele>55.0</ele></trkpt>
   <trkpt lon="1.950266" lat="49.125532"><ele>54.75</ele></trkpt>
   <trkpt lon="1.950101" lat="49.125366"><ele>54.0</ele></trkpt>
   <trkpt lon="1.949821" lat="49.125054"><ele>53.0</ele></trkpt>
   <trkpt lon="1.949471" lat="49.124684"><ele>52.75</ele></trkpt>
   <trkpt lon="1.949309" lat="49.124535"><ele>53.25</ele></trkpt>
   <trkpt lon="1.949165" lat="49.124411"><ele>54.0</ele></trkpt>
   <trkpt lon="1.949157" lat="49.124404"><ele>54.0</ele></trkpt>
   <trkpt lon="1.949121" lat="49.124376"><ele>54.0</ele></trkpt>
   <trkpt lon="1.949051" lat="49.124323"><ele>54.0</ele></trkpt>
   <trkpt lon="1.948989" lat="49.124277"><ele>54.25</ele></trkpt>
   <trkpt lon="1.948949" lat="49.124248"><ele>54.5</ele></trkpt>
   <trkpt lon="1.948862" lat="49.124182"><ele>54.75</ele></trkpt>
   <trkpt lon="1.948830" lat="49.124158"><ele>55.0</ele></trkpt>
   <trkpt lon="1.948611" lat="49.123964"><ele>55.5</ele></trkpt>
   <trkpt lon="1.948504" lat="49.123854"><ele>56.75</ele></trkpt>
   <trkpt lon="1.948447" lat="49.123784"><ele>57.5</ele></trkpt>
   <trkpt lon="1.948426" lat="49.123746"><ele>57.75</ele></trkpt>
   <trkpt lon="1.948343" lat="49.123482"><ele>59.75</ele></trkpt>
   <trkpt lon="1.948331" lat="49.123414"><ele>60.25</ele></trkpt>
   <trkpt lon="1.948349" lat="49.123354"><ele>60.75</ele></trkpt>
   <trkpt lon="1.948377" lat="49.123324"><ele>61.0</ele></trkpt>
   <trkpt lon="1.948428" lat="49.123275"><ele>61.5</ele></trkpt>
   <trkpt lon="1.948491" lat="49.123231"><ele>61.75</ele></trkpt>
   <trkpt lon="1.948565" lat="49.123166"><ele>62.0</ele></trkpt>
   <trkpt lon="1.948773" lat="49.122909"><ele>63.75</ele></trkpt>
   <trkpt lon="1.948803" lat="49.122873"><ele>64.0</ele></trkpt>
   <trkpt lon="1.949066" lat="49.122559"><ele>63.5</ele></trkpt>
   <trkpt lon="1.949117" lat="49.122467"><ele>63.25</ele></trkpt>
   <trkpt lon="1.949141" lat="49.122382"><ele>62.25</ele></trkpt>
   <trkpt lon="1.949140" lat="49.122300"><ele>61.75</ele></trkpt>
   <trkpt lon="1.949119" lat="49.122214"><ele>61.5</ele></trkpt>
   <trkpt lon="1.949085" lat="49.122129"><ele>60.75</ele></trkpt>
   <trkpt lon="1.949016" lat="49.122034"><ele>60.0</ele></trkpt>
   <trkpt lon="1.948916" lat="49.121955"><ele>59.0</ele></trkpt>
   <trkpt lon="1.948558" lat="49.121734"><ele>56.75</ele></trkpt>
   <trkpt lon="1.948392" lat="49.121632"><ele>55.0</ele></trkpt>
   <trkpt lon="1.947975" lat="49.121375"><ele>53.0</ele></trkpt>
   <trkpt lon="1.946820" lat="49.120668"><ele>55.0</ele></trkpt>
   <trkpt lon="1.946534" lat="49.120522"><ele>56.5</ele></trkpt>
   <trkpt lon="1.946310" lat="49.120442"><ele>57.25</ele></trkpt>
   <trkpt lon="1.945985" lat="49.120359"><ele>59.25</ele></trkpt>
   <trkpt lon="1.945807" lat="49.120320"><ele>60.5</ele></trkpt>
   <trkpt lon="1.945529" lat="49.120275"><ele>63.0</ele></trkpt>
   <trkpt lon="1.945290" lat="49.120260"><ele>63.25</ele></trkpt>
   <trkpt lon="1.944540" lat="49.120257"><ele>66.25</ele></trkpt>
   <trkpt lon="1.944298" lat="49.120247"><ele>67.25</ele></trkpt>
   <trkpt lon="1.943957" lat="49.120229"><ele>69.0</ele></trkpt>
   <trkpt lon="1.943778" lat="49.120213"><ele>69.5</ele></trkpt>
   <trkpt lon="1.943590" lat="49.120186"><ele>70.25</ele></trkpt>
   <trkpt lon="1.943314" lat="49.120133"><ele>72.0</ele></trkpt>
   <trkpt lon="1.942997" lat="49.120064"><ele>74.75</ele></trkpt>
   <trkpt lon="1.942782" lat="49.120008"><ele>74.75</ele></trkpt>
   <trkpt lon="1.942648" lat="49.119957"><ele>76.0</ele></trkpt>
   <trkpt lon="1.942492" lat="49.119871"><ele>78.25</ele></trkpt>
   <trkpt lon="1.942346" lat="49.119761"><ele>80.25</ele></trkpt>
   <trkpt lon="1.942197" lat="49.119624"><ele>82.0</ele></trkpt>
   <trkpt lon="1.941564" lat="49.118964"><ele>86.75</ele></trkpt>
   <trkpt lon="1.941126" lat="49.118563"><ele>89.0</ele></trkpt>
   <trkpt lon="1.940676" lat="49.118205"><ele>90.25</ele></trkpt>
   <trkpt lon="1.939099" lat="49.116981"><ele>96.0</ele></trkpt>
   <trkpt lon="1.938704" lat="49.116681"><ele>97.0</ele></trkpt>
   <trkpt lon="1.937832" lat="49.116052"><ele>96.5</ele></trkpt>
   <trkpt lon="1.936255" lat="49.114936"><ele>92.75</ele></trkpt>
   <trkpt lon="1.936145" lat="49.114842"><ele>92.75</ele></trkpt>
   <trkpt lon="1.936010" lat="49.114712"><ele>93.0</ele></trkpt>
   <trkpt lon="1.935833" lat="49.114486"><ele>93.75</ele></trkpt>
   <trkpt lon="1.935752" lat="49.114348"><ele>94.25</ele></trkpt>
   <trkpt lon="1.935699" lat="49.114225"><ele>94.75</ele></trkpt>
   <trkpt lon="1.935658" lat="49.114091"><ele>95.0</ele></trkpt>
   <trkpt lon="1.935593" lat="49.113787"><ele>95.25</ele></trkpt>
   <trkpt lon="1.935517" lat="49.113607"><ele>95.0</ele></trkpt>
   <trkpt lon="1.935462" lat="49.113515"><ele>94.75</ele></trkpt>
   <trkpt lon="1.935392" lat="49.113416"><ele>94.75</ele></trkpt>
   <trkpt lon="1.935157" lat="49.113149"><ele>94.75</ele></trkpt>
   <trkpt lon="1.934403" lat="49.112349"><ele>95.0</ele></trkpt>
   <trkpt lon="1.934278" lat="49.112230"><ele>95.0</ele></trkpt>
   <trkpt lon="1.934170" lat="49.112153"><ele>95.0</ele></trkpt>
   <trkpt lon="1.934008" lat="49.112060"><ele>95.0</ele></trkpt>
   <trkpt lon="1.933899" lat="49.112012"><ele>95.0</ele></trkpt>
   <trkpt lon="1.933690" lat="49.111935"><ele>95.5</ele></trkpt>
   <trkpt lon="1.933414" lat="49.111853"><ele>95.75</ele></trkpt>
   <trkpt lon="1.933171" lat="49.111809"><ele>96.0</ele></trkpt>
   <trkpt lon="1.933048" lat="49.111776"><ele>96.0</ele></trkpt>
   <trkpt lon="1.932720" lat="49.111646"><ele>96.0</ele></trkpt>
   <trkpt lon="1.932505" lat="49.111591"><ele>96.25</ele></trkpt>
   <trkpt lon="1.932391" lat="49.111545"><ele>96.5</ele></trkpt>
   <trkpt lon="1.932284" lat="49.111480"><ele>96.75</ele></trkpt>
   <trkpt lon="1.932216" lat="49.111427"><ele>97.0</ele></trkpt>
   <trkpt lon="1.932146" lat="49.111363"><ele>97.25</ele></trkpt>
   <trkpt lon="1.932107" lat="49.111324"><ele>97.5</ele></trkpt>
   <trkpt lon="1.932071" lat="49.111276"><ele>97.5</ele></trkpt>
   <trkpt lon="1.931986" lat="49.111167"><ele>97.75</ele></trkpt>
   <trkpt lon="1.931822" lat="49.111020"><ele>98.5</ele></trkpt>
   <trkpt lon="1.931661" lat="49.110897"><ele>99.0</ele></trkpt>
   <trkpt lon="1.931508" lat="49.110799"><ele>99.0</ele></trkpt>
   <trkpt lon="1.931056" lat="49.110567"><ele>100.0</ele></trkpt>
   <trkpt lon="1.930953" lat="49.110519"><ele>100.25</ele></trkpt>
   <trkpt lon="1.930824" lat="49.110460"><ele>100.5</ele></trkpt>
   <trkpt lon="1.930365" lat="49.110280"><ele>101.5</ele></trkpt>
   <trkpt lon="1.930223" lat="49.110243"><ele>102.0</ele></trkpt>
   <trkpt lon="1.930197" lat="49.110262"><ele>102.0</ele></trkpt>
   <trkpt lon="1.930163" lat="49.110274"><ele>102.0</ele></trkpt>
   <trkpt lon="1.930125" lat="49.110278"><ele>101.75</ele></trkpt>
   <trkpt lon="1.930087" lat="49.110274"><ele>102.0</ele></trkpt>
   <trkpt lon="1.930053" lat="49.110261"><ele>102.0</ele></trkpt>
   <trkpt lon="1.930028" lat="49.110242"><ele>102.0</ele></trkpt>
   <trkpt lon="1.930014" lat="49.110220"><ele>102.0</ele></trkpt>
   <trkpt lon="1.930012" lat="49.110196"><ele>102.25</ele></trkpt>
   <trkpt lon="1.930021" lat="49.110173"><ele>102.25</ele></trkpt>
   <trkpt lon="1.929905" lat="49.110124"><ele>102.5</ele></trkpt>
   <trkpt lon="1.929461" lat="49.109939"><ele>103.0</ele></trkpt>
   <trkpt lon="1.929111" lat="49.109772"><ele>103.0</ele></trkpt>
   <trkpt lon="1.928912" lat="49.109641"><ele>103.75</ele></trkpt>
   <trkpt lon="1.928703" lat="49.109488"><ele>104.5</ele></trkpt>
   <trkpt lon="1.928180" lat="49.109030"><ele>104.75</ele></trkpt>
   <trkpt lon="1.927964" lat="49.108804"><ele>104.25</ele></trkpt>
   <trkpt lon="1.927655" lat="49.108421"><ele>103.25</ele></trkpt>
   <trkpt lon="1.927245" lat="49.107840"><ele>101.25</ele></trkpt>
   <trkpt lon="1.927128" lat="49.107630"><ele>100.5</ele></trkpt>
   <trkpt lon="1.926983" lat="49.107250"><ele>97.25</ele></trkpt>
   <trkpt lon="1.926965" lat="49.107194"><ele>96.75</ele></trkpt>
   <trkpt lon="1.926956" lat="49.107165"><ele>96.75</ele></trkpt>
   <trkpt lon="1.926585" lat="49.106069"><ele>96.75</ele></trkpt>
   <trkpt lon="1.926526" lat="49.105858"><ele>97.25</ele></trkpt>
   <trkpt lon="1.926452" lat="49.105478"><ele>98.5</ele></trkpt>
   <trkpt lon="1.926425" lat="49.105217"><ele>99.25</ele></trkpt>
   <trkpt lon="1.926424" lat="49.105098"><ele>99.75</ele></trkpt>
   <trkpt lon="1.926466" lat="49.104356"><ele>101.5</ele></trkpt>
   <trkpt lon="1.926466" lat="49.104152"><ele>102.25</ele></trkpt>
   <trkpt lon="1.926456" lat="49.103814"><ele>102.5</ele></trkpt>
   <trkpt lon="1.926424" lat="49.103561"><ele>103.0</ele></trkpt>
   <trkpt lon="1.926397" lat="49.103440"><ele>103.0</ele></trkpt>
   <trkpt lon="1.926357" lat="49.103321"><ele>103.0</ele></trkpt>
   <trkpt lon="1.926255" lat="49.103089"><ele>103.25</ele></trkpt>
   <trkpt lon="1.926166" lat="49.102926"><ele>103.0</ele></trkpt>
   <trkpt lon="1.926046" lat="49.102764"><ele>103.25</ele></trkpt>
   <trkpt lon="1.926038" lat="49.102755"><ele>103.25</ele></trkpt>
   <trkpt lon="1.925578" lat="49.102214"><ele>104.0</ele></trkpt>
   <trkpt lon="1.925333" lat="49.101942"><ele>105.0</ele></trkpt>
   <trkpt lon="1.925219" lat="49.101855"><ele>105.25</ele></trkpt>
   <trkpt lon="1.925081" lat="49.101774"><ele>105.75</ele></trkpt>
   <trkpt lon="1.924861" lat="49.101668"><ele>106.0</ele></trkpt>
   <trkpt lon="1.924223" lat="49.101382"><ele>106.0</ele></trkpt>
   <trkpt lon="1.920545" lat="49.099751"><ele>113.75</ele></trkpt>
   <trkpt lon="1.920180" lat="49.099578"><ele>114.5</ele></trkpt>
   <trkpt lon="1.919915" lat="49.099441"><ele>115.25</ele></trkpt>
   <trkpt lon="1.919277" lat="49.099065"><ele>117.5</ele></trkpt>
   <trkpt lon="1.916253" lat="49.097264"><ele>125.75</ele></trkpt>
   <trkpt lon="1.915212" lat="49.096648"><ele>127.0</ele></trkpt>
   <trkpt lon="1.914961" lat="49.096487"><ele>127.75</ele></trkpt>
   <trkpt lon="1.914682" lat="49.096294"><ele>128.0</ele></trkpt>
   <trkpt lon="1.914450" lat="49.096105"><ele>128.0</ele></trkpt>
   <trkpt lon="1.914367" lat="49.096028"><ele>128.25</ele></trkpt>
   <trkpt lon="1.914085" lat="49.095743"><ele>128.75</ele></trkpt>
   <trkpt lon="1.912917" lat="49.094513"><ele>132.0</ele></trkpt>
   <trkpt lon="1.912583" lat="49.094184"><ele>132.75</ele></trkpt>
   <trkpt lon="1.912230" lat="49.093864"><ele>133.75</ele></trkpt>
   <trkpt lon="1.912105" lat="49.093757"><ele>133.5</ele></trkpt>
   <trkpt lon="1.912036" lat="49.093715"><ele>133.75</ele></trkpt>
   <trkpt lon="1.911864" lat="49.093635"><ele>134.25</ele></trkpt>
   <trkpt lon="1.911393" lat="49.093473"><ele>135.0</ele></trkpt>
   <trkpt lon="1.911178" lat="49.093437"><ele>135.0</ele></trkpt>
   <trkpt lon="1.911090" lat="49.093424"><ele>135.0</ele></trkpt>
   <trkpt lon="1.911024" lat="49.093427"><ele>135.0</ele></trkpt>
   <trkpt lon="1.910960" lat="49.093417"><ele>135.25</ele></trkpt>
   <trkpt lon="1.910885" lat="49.093386"><ele>135.5</ele></trkpt>
   <trkpt lon="1.910835" lat="49.093338"><ele>135.75</ele></trkpt>
   <trkpt lon="1.910778" lat="49.093320"><ele>135.75</ele></trkpt>
   <trkpt lon="1.910634" lat="49.093300"><ele>135.25</ele></trkpt>
   <trkpt lon="1.910459" lat="49.093271"><ele>135.0</ele></trkpt>
   <trkpt lon="1.910369" lat="49.093237"><ele>134.75</ele></trkpt>
   <trkpt lon="1.910284" lat="49.093180"><ele>134.25</ele></trkpt>
   <trkpt lon="1.909679" lat="49.092682"><ele>132.5</ele></trkpt>
   <trkpt lon="1.909280" lat="49.092384"><ele>134.0</ele></trkpt>
   <trkpt lon="1.909141" lat="49.092251"><ele>132.5</ele></trkpt>
   <trkpt lon="1.909071" lat="49.092171"><ele>133.5</ele></trkpt>
   <trkpt lon="1.909028" lat="49.092116"><ele>134.25</ele></trkpt>
   <trkpt lon="1.908907" lat="49.091924"><ele>135.0</ele></trkpt>
   <trkpt lon="1.908864" lat="49.091832"><ele>135.25</ele></trkpt>
   <trkpt lon="1.908707" lat="49.091505"><ele>135.25</ele></trkpt>
   <trkpt lon="1.908612" lat="49.091391"><ele>135.0</ele></trkpt>
   <trkpt lon="1.907141" lat="49.090044"><ele>131.75</ele></trkpt>
   <trkpt lon="1.906833" lat="49.089818"><ele>130.0</ele></trkpt>
   <trkpt lon="1.906565" lat="49.089657"><ele>128.75</ele></trkpt>
   <trkpt lon="1.905281" lat="49.088953"><ele>122.25</ele></trkpt>
   <trkpt lon="1.905173" lat="49.088902"><ele>121.5</ele></trkpt>
   <trkpt lon="1.905072" lat="49.088868"><ele>120.75</ele></trkpt>
   <trkpt lon="1.904766" lat="49.088789"><ele>118.25</ele></trkpt>
   <trkpt lon="1.904576" lat="49.088759"><ele>117.25</ele></trkpt>
   <trkpt lon="1.904257" lat="49.088725"><ele>116.0</ele></trkpt>
   <trkpt lon="1.903884" lat="49.088673"><ele>115.0</ele></trkpt>
   <trkpt lon="1.903650" lat="49.088624"><ele>114.0</ele></trkpt>
   <trkpt lon="1.903218" lat="49.088522"><ele>111.75</ele></trkpt>
   <trkpt lon="1.902570" lat="49.088389"><ele>108.25</ele></trkpt>
   <trkpt lon="1.902224" lat="49.088332"><ele>106.75</ele></trkpt>
   <trkpt lon="1.901704" lat="49.088277"><ele>104.0</ele></trkpt>
   <trkpt lon="1.900948" lat="49.088239"><ele>98.5</ele></trkpt>
   <trkpt lon="1.900756" lat="49.088235"><ele>97.5</ele></trkpt>
   <trkpt lon="1.900509" lat="49.088244"><ele>95.75</ele></trkpt>
   <trkpt lon="1.900261" lat="49.088277"><ele>94.25</ele></trkpt>
   <trkpt lon="1.900159" lat="49.088303"><ele>93.75</ele></trkpt>
   <trkpt lon="1.900018" lat="49.088349"><ele>93.25</ele></trkpt>
   <trkpt lon="1.899836" lat="49.088426"><ele>92.0</ele></trkpt>
   <trkpt lon="1.899442" lat="49.088625"><ele>90.0</ele></trkpt>
   <trkpt lon="1.899066" lat="49.088819"><ele>88.25</ele></trkpt>
   <trkpt lon="1.898995" lat="49.088847"><ele>87.75</ele></trkpt>
   <trkpt lon="1.898944" lat="49.088862"><ele>87.25</ele></trkpt>
   <trkpt lon="1.898903" lat="49.088867"><ele>86.75</ele></trkpt>
   <trkpt lon="1.898780" lat="49.088856"><ele>85.75</ele></trkpt>
   <trkpt lon="1.898749" lat="49.088846"><ele>85.5</ele></trkpt>
   <trkpt lon="1.898638" lat="49.088796"><ele>84.5</ele></trkpt>
   <trkpt lon="1.898569" lat="49.088746"><ele>83.75</ele></trkpt>
   <trkpt lon="1.898517" lat="49.088663"><ele>83.0</ele></trkpt>
   <trkpt lon="1.898486" lat="49.088596"><ele>82.75</ele></trkpt>
   <trkpt lon="1.898475" lat="49.088550"><ele>82.25</ele></trkpt>
   <trkpt lon="1.898488" lat="49.088448"><ele>81.5</ele></trkpt>
   <trkpt lon="1.898504" lat="49.088397"><ele>81.25</ele></trkpt>
   <trkpt lon="1.898736" lat="49.087929"><ele>78.5</ele></trkpt>
   <trkpt lon="1.898794" lat="49.087799"><ele>78.0</ele></trkpt>
   <trkpt lon="1.898918" lat="49.087548"><ele>78.0</ele></trkpt>
   <trkpt lon="1.898925" lat="49.087517"><ele>78.0</ele></trkpt>
   <trkpt lon="1.898912" lat="49.087454"><ele>77.75</ele></trkpt>
   <trkpt lon="1.898871" lat="49.087391"><ele>77.5</ele></trkpt>
   <trkpt lon="1.898734" lat="49.087374"><ele>77.0</ele></trkpt>
   <trkpt lon="1.898293" lat="49.087209"><ele>77.0</ele></trkpt>
   <trkpt lon="1.897942" lat="49.087055"><ele>76.75</ele></trkpt>
   <trkpt lon="1.897856" lat="49.087017"><ele>76.75</ele></trkpt>
   <trkpt lon="1.897709" lat="49.086945"><ele>77.0</ele></trkpt>
   <trkpt lon="1.897436" lat="49.086784"><ele>77.5</ele></trkpt>
   <trkpt lon="1.897593" lat="49.086516"><ele>76.75</ele></trkpt>
   <trkpt lon="1.897639" lat="49.086484"><ele>76.5</ele></trkpt>
   <trkpt lon="1.897733" lat="49.086444"><ele>76.25</ele></trkpt>
   <trkpt lon="1.898178" lat="49.086313"><ele>76.0</ele></trkpt>
   <trkpt lon="1.898170" lat="49.086194"><ele>75.75</ele></trkpt>
   <trkpt lon="1.898218" lat="49.085833"><ele>76.0</ele></trkpt>
   <trkpt lon="1.898425" lat="49.085866"><ele>76.0</ele></trkpt>
   <trkpt lon="1.898776" lat="49.085932"><ele>75.5</ele></trkpt>
   <trkpt lon="1.899033" lat="49.085958"><ele>75.5</ele></trkpt>
   <trkpt lon="1.899119" lat="49.085964"><ele>75.75</ele></trkpt>
   <trkpt lon="1.899502" lat="49.085957"><ele>75.75</ele></trkpt>
   <trkpt lon="1.899703" lat="49.085948"><ele>75.5</ele></trkpt>
   <trkpt lon="1.899855" lat="49.085927"><ele>75.75</ele></trkpt>
   <trkpt lon="1.900118" lat="49.085858"><ele>76.0</ele></trkpt>
   <trkpt lon="1.900231" lat="49.085814"><ele>75.75</ele></trkpt>
   <trkpt lon="1.900280" lat="49.085782"><ele>76.0</ele></trkpt>
   <trkpt lon="1.900743" lat="49.085398"><ele>76.25</ele></trkpt>
   <trkpt lon="1.900831" lat="49.085333"><ele>76.0</ele></trkpt>
   <trkpt lon="1.901052" lat="49.085171"><ele>76.75</ele></trkpt>
   <trkpt lon="1.901416" lat="49.084909"><ele>76.5</ele></trkpt>
   <trkpt lon="1.901647" lat="49.084763"><ele>76.25</ele></trkpt>
   <trkpt lon="1.902009" lat="49.084602"><ele>76.0</ele></trkpt>
   <trkpt lon="1.902557" lat="49.084404"><ele>76.5</ele></trkpt>
   <trkpt lon="1.902954" lat="49.084288"><ele>75.5</ele></trkpt>
   <trkpt lon="1.903156" lat="49.084246"><ele>75.5</ele></trkpt>
   <trkpt lon="1.903349" lat="49.084214"><ele>75.25</ele></trkpt>
   <trkpt lon="1.903657" lat="49.084183"><ele>76.0</ele></trkpt>
   <trkpt lon="1.903974" lat="49.084176"><ele>75.5</ele></trkpt>
   <trkpt lon="1.904335" lat="49.084177"><ele>75.5</ele></trkpt>
   <trkpt lon="1.905191" lat="49.084202"><ele>74.5</ele></trkpt>
   <trkpt lon="1.906527" lat="49.084230"><ele>73.75</ele></trkpt>
   <trkpt lon="1.906844" lat="49.084231"><ele>74.0</ele></trkpt>
   <trkpt lon="1.907007" lat="49.084220"><ele>74.25</ele></trkpt>
   <trkpt lon="1.907174" lat="49.084199"><ele>74.75</ele></trkpt>
   <trkpt lon="1.907397" lat="49.084159"><ele>74.75</ele></trkpt>
   <trkpt lon="1.907569" lat="49.084115"><ele>74.5</ele></trkpt>
   <trkpt lon="1.908113" lat="49.083921"><ele>73.5</ele></trkpt>
   <trkpt lon="1.908363" lat="49.083819"><ele>74.25</ele></trkpt>
   <trkpt lon="1.908693" lat="49.083669"><ele>73.5</ele></trkpt>
   <trkpt lon="1.908807" lat="49.083612"><ele>73.5</ele></trkpt>
   <trkpt lon="1.909103" lat="49.083446"><ele>73.5</ele></trkpt>
   <trkpt lon="1.909433" lat="49.083241"><ele>73.75</ele></trkpt>
   <trkpt lon="1.909914" lat="49.082892"><ele>73.25</ele></trkpt>
   <trkpt lon="1.910163" lat="49.082734"><ele>73.0</ele></trkpt>
   <trkpt lon="1.910603" lat="49.082491"><ele>72.25</ele></trkpt>
   <trkpt lon="1.911391" lat="49.082093"><ele>72.5</ele></trkpt>
   <trkpt lon="1.911632" lat="49.081955"><ele>71.75</ele></trkpt>
   <trkpt lon="1.912103" lat="49.081627"><ele>71.25</ele></trkpt>
   <trkpt lon="1.912636" lat="49.081253"><ele>71.25</ele></trkpt>
   <trkpt lon="1.912852" lat="49.081091"><ele>71.0</ele></trkpt>
   <trkpt lon="1.913219" lat="49.080774"><ele>72.5</ele></trkpt>
   <trkpt lon="1.913562" lat="49.080512"><ele>73.5</ele></trkpt>
   <trkpt lon="1.913814" lat="49.080366"><ele>74.25</ele></trkpt>
   <trkpt lon="1.914053" lat="49.080266"><ele>75.0</ele></trkpt>
   <trkpt lon="1.915437" lat="49.079748"><ele>80.75</ele></trkpt>
   <trkpt lon="1.916553" lat="49.079311"><ele>80.5</ele></trkpt>
   <trkpt lon="1.916875" lat="49.079199"><ele>80.0</ele></trkpt>
   <trkpt lon="1.917097" lat="49.079133"><ele>79.25</ele></trkpt>
   <trkpt lon="1.917312" lat="49.079078"><ele>78.5</ele></trkpt>
   <trkpt lon="1.917573" lat="49.079026"><ele>78.25</ele></trkpt>
   <trkpt lon="1.917816" lat="49.078997"><ele>77.5</ele></trkpt>
   <trkpt lon="1.919382" lat="49.078884"><ele>74.75</ele></trkpt>
   <trkpt lon="1.920068" lat="49.078829"><ele>73.5</ele></trkpt>
   <trkpt lon="1.920468" lat="49.078789"><ele>73.5</ele></trkpt>
   <trkpt lon="1.920938" lat="49.078731"><ele>73.25</ele></trkpt>
   <trkpt lon="1.921114" lat="49.078703"><ele>73.25</ele></trkpt>
   <trkpt lon="1.921580" lat="49.078629"><ele>73.0</ele></trkpt>
   <trkpt lon="1.922560" lat="49.078428"><ele>73.75</ele></trkpt>
   <trkpt lon="1.923567" lat="49.078230"><ele>72.25</ele></trkpt>
   <trkpt lon="1.924160" lat="49.078188"><ele>72.25</ele></trkpt>
   <trkpt lon="1.924253" lat="49.078183"><ele>72.0</ele></trkpt>
   <trkpt lon="1.924382" lat="49.078165"><ele>71.5</ele></trkpt>
   <trkpt lon="1.924858" lat="49.078059"><ele>70.0</ele></trkpt>
   <trkpt lon="1.925485" lat="49.077883"><ele>68.75</ele></trkpt>
   <trkpt lon="1.925517" lat="49.077874"><ele>68.75</ele></trkpt>
   <trkpt lon="1.925571" lat="49.078126"><ele>70.5</ele></trkpt>
   <trkpt lon="1.925725" lat="49.078463"><ele>73.5</ele></trkpt>
   <trkpt lon="1.925961" lat="49.078824"><ele>76.0</ele></trkpt>
   <trkpt lon="1.925978" lat="49.078860"><ele>76.25</ele></trkpt>
   <trkpt lon="1.926754" lat="49.080088"><ele>88.0</ele></trkpt>
   <trkpt lon="1.926779" lat="49.080115"><ele>88.25</ele></trkpt>
   <trkpt lon="1.926838" lat="49.080086"><ele>88.0</ele></trkpt>
   <trkpt lon="1.926955" lat="49.080108"><ele>88.5</ele></trkpt>
   <trkpt lon="1.927124" lat="49.080081"><ele>88.25</ele></trkpt>
   <trkpt lon="1.927405" lat="49.080021"><ele>87.75</ele></trkpt>
   <trkpt lon="1.927869" lat="49.079848"><ele>86.25</ele></trkpt>
   <trkpt lon="1.927405" lat="49.080021"><ele>87.75</ele></trkpt>
   <trkpt lon="1.927124" lat="49.080081"><ele>88.25</ele></trkpt>
   <trkpt lon="1.926955" lat="49.080108"><ele>88.5</ele></trkpt>
   <trkpt lon="1.926838" lat="49.080086"><ele>88.0</ele></trkpt>
   <trkpt lon="1.926779" lat="49.080115"><ele>88.25</ele></trkpt>
   <trkpt lon="1.926565" lat="49.080218"><ele>89.25</ele></trkpt>
   <trkpt lon="1.926394" lat="49.080283"><ele>90.0</ele></trkpt>
   <trkpt lon="1.926249" lat="49.080326"><ele>90.75</ele></trkpt>
   <trkpt lon="1.925819" lat="49.080444"><ele>91.75</ele></trkpt>
   <trkpt lon="1.925708" lat="49.080483"><ele>92.25</ele></trkpt>
   <trkpt lon="1.925611" lat="49.080528"><ele>93.25</ele></trkpt>
   <trkpt lon="1.925474" lat="49.080629"><ele>94.25</ele></trkpt>
   <trkpt lon="1.925424" lat="49.080693"><ele>94.75</ele></trkpt>
   <trkpt lon="1.925369" lat="49.080820"><ele>95.75</ele></trkpt>
   <trkpt lon="1.925359" lat="49.080932"><ele>97.0</ele></trkpt>
   <trkpt lon="1.925370" lat="49.080986"><ele>97.5</ele></trkpt>
   <trkpt lon="1.925395" lat="49.081044"><ele>98.25</ele></trkpt>
   <trkpt lon="1.925465" lat="49.081119"><ele>99.0</ele></trkpt>
   <trkpt lon="1.925530" lat="49.081176"><ele>99.5</ele></trkpt>
   <trkpt lon="1.925646" lat="49.081244"><ele>100.25</ele></trkpt>
   <trkpt lon="1.925731" lat="49.081277"><ele>100.75</ele></trkpt>
   <trkpt lon="1.925824" lat="49.081304"><ele>101.0</ele></trkpt>
   <trkpt lon="1.925919" lat="49.081321"><ele>101.25</ele></trkpt>
   <trkpt lon="1.926031" lat="49.081328"><ele>101.75</ele></trkpt>
   <trkpt lon="1.926187" lat="49.081321"><ele>102.5</ele></trkpt>
   <trkpt lon="1.926815" lat="49.081240"><ele>104.75</ele></trkpt>
   <trkpt lon="1.927186" lat="49.081205"><ele>106.5</ele></trkpt>
   <trkpt lon="1.927298" lat="49.081206"><ele>106.75</ele></trkpt>
   <trkpt lon="1.927556" lat="49.081229"><ele>107.5</ele></trkpt>
   <trkpt lon="1.927713" lat="49.081253"><ele>107.5</ele></trkpt>
   <trkpt lon="1.927958" lat="49.081300"><ele>108.25</ele></trkpt>
   <trkpt lon="1.929076" lat="49.081553"><ele>110.0</ele></trkpt>
   <trkpt lon="1.929287" lat="49.081592"><ele>111.0</ele></trkpt>
   <trkpt lon="1.930016" lat="49.081697"><ele>117.25</ele></trkpt>
   <trkpt lon="1.930198" lat="49.081730"><ele>118.0</ele></trkpt>
   <trkpt lon="1.930386" lat="49.081772"><ele>119.0</ele></trkpt>
   <trkpt lon="1.930587" lat="49.081840"><ele>120.25</ele></trkpt>
   <trkpt lon="1.930726" lat="49.081899"><ele>121.0</ele></trkpt>
   <trkpt lon="1.930844" lat="49.081971"><ele>121.75</ele></trkpt>
   <trkpt lon="1.930875" lat="49.081990"><ele>121.75</ele></trkpt>
   <trkpt lon="1.930940" lat="49.082016"><ele>121.75</ele></trkpt>
   <trkpt lon="1.930974" lat="49.082039"><ele>121.75</ele></trkpt>
   <trkpt lon="1.931067" lat="49.082112"><ele>121.75</ele></trkpt>
   <trkpt lon="1.931352" lat="49.082371"><ele>122.5</ele></trkpt>
   <trkpt lon="1.931748" lat="49.082787"><ele>125.0</ele></trkpt>
   <trkpt lon="1.931942" lat="49.083008"><ele>123.5</ele></trkpt>
   <trkpt lon="1.932004" lat="49.083069"><ele>123.0</ele></trkpt>
   <trkpt lon="1.932069" lat="49.083106"><ele>123.25</ele></trkpt>
   <trkpt lon="1.932146" lat="49.083135"><ele>123.5</ele></trkpt>
   <trkpt lon="1.932197" lat="49.083153"><ele>123.5</ele></trkpt>
   <trkpt lon="1.932241" lat="49.083178"><ele>123.75</ele></trkpt>
   <trkpt lon="1.932282" lat="49.083212"><ele>124.25</ele></trkpt>
   <trkpt lon="1.932310" lat="49.083251"><ele>124.75</ele></trkpt>
   <trkpt lon="1.932417" lat="49.083234"><ele>125.0</ele></trkpt>
   <trkpt lon="1.932470" lat="49.083220"><ele>125.0</ele></trkpt>
   <trkpt lon="1.932525" lat="49.083196"><ele>125.25</ele></trkpt>
   <trkpt lon="1.932563" lat="49.083159"><ele>125.0</ele></trkpt>
   <trkpt lon="1.932597" lat="49.083047"><ele>124.25</ele></trkpt>
   <trkpt lon="1.932629" lat="49.082977"><ele>124.5</ele></trkpt>
   <trkpt lon="1.932682" lat="49.082916"><ele>125.0</ele></trkpt>
   <trkpt lon="1.933275" lat="49.082433"><ele>127.75</ele></trkpt>
   <trkpt lon="1.933426" lat="49.082337"><ele>128.0</ele></trkpt>
   <trkpt lon="1.934186" lat="49.081964"><ele>129.0</ele></trkpt>
   <trkpt lon="1.934912" lat="49.081625"><ele>129.0</ele></trkpt>
   <trkpt lon="1.935075" lat="49.081560"><ele>129.25</ele></trkpt>
   <trkpt lon="1.935417" lat="49.081490"><ele>129.75</ele></trkpt>
   <trkpt lon="1.935493" lat="49.081446"><ele>129.75</ele></trkpt>
   <trkpt lon="1.935628" lat="49.081322"><ele>130.0</ele></trkpt>
   <trkpt lon="1.935861" lat="49.081212"><ele>130.5</ele></trkpt>
   <trkpt lon="1.937505" lat="49.080540"><ele>131.0</ele></trkpt>
   <trkpt lon="1.939455" lat="49.079709"><ele>131.0</ele></trkpt>
   <trkpt lon="1.941069" lat="49.079046"><ele>129.5</ele></trkpt>
   <trkpt lon="1.948328" lat="49.076029"><ele>121.25</ele></trkpt>
   <trkpt lon="1.951509" lat="49.074744"><ele>125.75</ele></trkpt>
   <trkpt lon="1.953348" lat="49.073978"><ele>127.0</ele></trkpt>
   <trkpt lon="1.956183" lat="49.072801"><ele>124.75</ele></trkpt>
   <trkpt lon="1.957161" lat="49.072405"><ele>124.0</ele></trkpt>
   <trkpt lon="1.957506" lat="49.072277"><ele>123.75</ele></trkpt>
   <trkpt lon="1.958131" lat="49.072079"><ele>123.0</ele></trkpt>
   <trkpt lon="1.958463" lat="49.071993"><ele>122.25</ele></trkpt>
   <trkpt lon="1.959100" lat="49.071876"><ele>121.25</ele></trkpt>
   <trkpt lon="1.959627" lat="49.071803"><ele>120.5</ele></trkpt>
   <trkpt lon="1.960187" lat="49.071741"><ele>120.0</ele></trkpt>
   <trkpt lon="1.960681" lat="49.071707"><ele>119.25</ele></trkpt>
   <trkpt lon="1.961498" lat="49.071670"><ele>117.75</ele></trkpt>
   <trkpt lon="1.961734" lat="49.071669"><ele>117.75</ele></trkpt>
   <trkpt lon="1.962561" lat="49.071687"><ele>116.0</ele></trkpt>
   <trkpt lon="1.962840" lat="49.071686"><ele>116.75</ele></trkpt>
   <trkpt lon="1.963653" lat="49.071665"><ele>116.75</ele></trkpt>
   <trkpt lon="1.964439" lat="49.071627"><ele>116.0</ele></trkpt>
   <trkpt lon="1.964586" lat="49.071629"><ele>116.0</ele></trkpt>
   <trkpt lon="1.964759" lat="49.071663"><ele>116.0</ele></trkpt>
   <trkpt lon="1.964901" lat="49.071710"><ele>116.25</ele></trkpt>
   <trkpt lon="1.965025" lat="49.071757"><ele>116.5</ele></trkpt>
   <trkpt lon="1.965284" lat="49.071882"><ele>116.5</ele></trkpt>
   <trkpt lon="1.965433" lat="49.071968"><ele>116.25</ele></trkpt>
   <trkpt lon="1.965850" lat="49.072242"><ele>115.0</ele></trkpt>
   <trkpt lon="1.966205" lat="49.072434"><ele>115.0</ele></trkpt>
   <trkpt lon="1.966819" lat="49.072801"><ele>114.5</ele></trkpt>
   <trkpt lon="1.967066" lat="49.072970"><ele>114.25</ele></trkpt>
   <trkpt lon="1.967203" lat="49.073034"><ele>114.0</ele></trkpt>
   <trkpt lon="1.967275" lat="49.073037"><ele>113.75</ele></trkpt>
   <trkpt lon="1.967376" lat="49.072996"><ele>113.75</ele></trkpt>
   <trkpt lon="1.967419" lat="49.072973"><ele>113.75</ele></trkpt>
   <trkpt lon="1.967461" lat="49.072952"><ele>113.75</ele></trkpt>
   <trkpt lon="1.967418" lat="49.072922"><ele>114.0</ele></trkpt>
   <trkpt lon="1.967201" lat="49.072775"><ele>115.0</ele></trkpt>
   <trkpt lon="1.967150" lat="49.072734"><ele>115.0</ele></trkpt>
   <trkpt lon="1.967034" lat="49.072615"><ele>115.75</ele></trkpt>
   <trkpt lon="1.966809" lat="49.072383"><ele>117.0</ele></trkpt>
   <trkpt lon="1.966708" lat="49.072311"><ele>117.25</ele></trkpt>
   <trkpt lon="1.966596" lat="49.072268"><ele>117.75</ele></trkpt>
   <trkpt lon="1.966515" lat="49.072239"><ele>118.25</ele></trkpt>
   <trkpt lon="1.966449" lat="49.072196"><ele>118.75</ele></trkpt>
   <trkpt lon="1.966403" lat="49.072142"><ele>119.0</ele></trkpt>
   <trkpt lon="1.966381" lat="49.072083"><ele>119.25</ele></trkpt>
   <trkpt lon="1.966393" lat="49.072003"><ele>119.75</ele></trkpt>
   <trkpt lon="1.966423" lat="49.071952"><ele>119.75</ele></trkpt>
   <trkpt lon="1.966477" lat="49.071902"><ele>119.25</ele></trkpt>
   <trkpt lon="1.966585" lat="49.071854"><ele>118.5</ele></trkpt>
   <trkpt lon="1.966644" lat="49.071840"><ele>118.25</ele></trkpt>
   <trkpt lon="1.966725" lat="49.071838"><ele>118.25</ele></trkpt>
   <trkpt lon="1.966801" lat="49.071842"><ele>118.25</ele></trkpt>
   <trkpt lon="1.966893" lat="49.071865"><ele>118.5</ele></trkpt>
   <trkpt lon="1.966973" lat="49.071904"><ele>118.5</ele></trkpt>
   <trkpt lon="1.967070" lat="49.071891"><ele>118.0</ele></trkpt>
   <trkpt lon="1.967218" lat="49.071845"><ele>117.25</ele></trkpt>
   <trkpt lon="1.967633" lat="49.071065"><ele>117.25</ele></trkpt>
   <trkpt lon="1.967703" lat="49.070962"><ele>117.0</ele></trkpt>
   <trkpt lon="1.967802" lat="49.070869"><ele>116.75</ele></trkpt>
   <trkpt lon="1.968016" lat="49.070731"><ele>116.25</ele></trkpt>
   <trkpt lon="1.968779" lat="49.070315"><ele>115.25</ele></trkpt>
   <trkpt lon="1.969545" lat="49.069907"><ele>113.75</ele></trkpt>
   <trkpt lon="1.970154" lat="49.069570"><ele>112.0</ele></trkpt>
   <trkpt lon="1.970247" lat="49.069537"><ele>112.0</ele></trkpt>
   <trkpt lon="1.970285" lat="49.069536"><ele>111.75</ele></trkpt>
   <trkpt lon="1.970535" lat="49.069334"><ele>111.25</ele></trkpt>
   <trkpt lon="1.971497" lat="49.068453"><ele>111.75</ele></trkpt>
   <trkpt lon="1.971921" lat="49.068079"><ele>112.0</ele></trkpt>
   <trkpt lon="1.972293" lat="49.067787"><ele>111.75</ele></trkpt>
   <trkpt lon="1.972476" lat="49.067654"><ele>113.25</ele></trkpt>
   <trkpt lon="1.972905" lat="49.067366"><ele>114.5</ele></trkpt>
   <trkpt lon="1.973138" lat="49.067227"><ele>114.75</ele></trkpt>
   <trkpt lon="1.973654" lat="49.066941"><ele>117.0</ele></trkpt>
   <trkpt lon="1.974182" lat="49.066682"><ele>117.75</ele></trkpt>
   <trkpt lon="1.974543" lat="49.066525"><ele>117.75</ele></trkpt>
   <trkpt lon="1.974960" lat="49.066354"><ele>118.0</ele></trkpt>
   <trkpt lon="1.975321" lat="49.066211"><ele>117.5</ele></trkpt>
   <trkpt lon="1.975658" lat="49.066088"><ele>118.0</ele></trkpt>
   <trkpt lon="1.975985" lat="49.065982"><ele>117.75</ele></trkpt>
   <trkpt lon="1.981441" lat="49.064467"><ele>111.75</ele></trkpt>
   <trkpt lon="1.981533" lat="49.064455"><ele>111.25</ele></trkpt>
   <trkpt lon="1.981668" lat="49.064459"><ele>111.0</ele></trkpt>
   <trkpt lon="1.982068" lat="49.064583"><ele>111.0</ele></trkpt>
   <trkpt lon="1.982304" lat="49.064652"><ele>111.0</ele></trkpt>
   <trkpt lon="1.982430" lat="49.064676"><ele>111.0</ele></trkpt>
   <trkpt lon="1.982490" lat="49.064675"><ele>111.0</ele></trkpt>
   <trkpt lon="1.982562" lat="49.064670"><ele>110.75</ele></trkpt>
   <trkpt lon="1.982639" lat="49.064656"><ele>110.5</ele></trkpt>
   <trkpt lon="1.983555" lat="49.064415"><ele>109.0</ele></trkpt>
   <trkpt lon="1.983622" lat="49.064387"><ele>108.75</ele></trkpt>
   <trkpt lon="1.983673" lat="49.064354"><ele>109.0</ele></trkpt>
   <trkpt lon="1.983712" lat="49.064316"><ele>109.0</ele></trkpt>
   <trkpt lon="1.983758" lat="49.064253"><ele>109.0</ele></trkpt>
   <trkpt lon="1.983947" lat="49.063907"><ele>108.75</ele></trkpt>
   <trkpt lon="1.984027" lat="49.063822"><ele>108.5</ele></trkpt>
   <trkpt lon="1.984150" lat="49.063737"><ele>108.5</ele></trkpt>
   <trkpt lon="1.984214" lat="49.063708"><ele>108.5</ele></trkpt>
   <trkpt lon="1.984363" lat="49.063660"><ele>108.0</ele></trkpt>
   <trkpt lon="1.985936" lat="49.063231"><ele>108.5</ele></trkpt>
   <trkpt lon="1.992089" lat="49.061527"><ele>111.0</ele></trkpt>
   <trkpt lon="1.993532" lat="49.061123"><ele>110.0</ele></trkpt>
   <trkpt lon="1.998355" lat="49.059807"><ele>108.5</ele></trkpt>
   <trkpt lon="2.000101" lat="49.059321"><ele>106.75</ele></trkpt>
   <trkpt lon="2.000184" lat="49.059302"><ele>106.5</ele></trkpt>
   <trkpt lon="2.000304" lat="49.059288"><ele>106.25</ele></trkpt>
   <trkpt lon="2.000379" lat="49.059292"><ele>106.25</ele></trkpt>
   <trkpt lon="2.000486" lat="49.059318"><ele>106.0</ele></trkpt>
   <trkpt lon="2.000607" lat="49.059371"><ele>105.75</ele></trkpt>
   <trkpt lon="2.000647" lat="49.059376"><ele>105.5</ele></trkpt>
   <trkpt lon="2.000758" lat="49.059664"><ele>105.25</ele></trkpt>
   <trkpt lon="2.000820" lat="49.059825"><ele>105.0</ele></trkpt>
   <trkpt lon="2.001076" lat="49.060521"><ele>103.25</ele></trkpt>
   <trkpt lon="2.001266" lat="49.061208"><ele>102.0</ele></trkpt>
   <trkpt lon="2.001346" lat="49.061396"><ele>102.0</ele></trkpt>
   <trkpt lon="2.001544" lat="49.061479"><ele>101.25</ele></trkpt>
   <trkpt lon="2.001802" lat="49.061530"><ele>101.0</ele></trkpt>
   <trkpt lon="2.001939" lat="49.061488"><ele>101.0</ele></trkpt>
   <trkpt lon="2.006188" lat="49.060204"><ele>105.75</ele></trkpt>
   <trkpt lon="2.007819" lat="49.059756"><ele>106.75</ele></trkpt>
   <trkpt lon="2.009449" lat="49.059332"><ele>108.25</ele></trkpt>
   <trkpt lon="2.010501" lat="49.059058"><ele>109.25</ele></trkpt>
   <trkpt lon="2.011031" lat="49.058911"><ele>107.25</ele></trkpt>
   <trkpt lon="2.011152" lat="49.058883"><ele>107.0</ele></trkpt>
   <trkpt lon="2.011401" lat="49.058819"><ele>107.75</ele></trkpt>
   <trkpt lon="2.011663" lat="49.058748"><ele>108.75</ele></trkpt>
   <trkpt lon="2.011809" lat="49.058643"><ele>107.75</ele></trkpt>
   <trkpt lon="2.011871" lat="49.058590"><ele>107.25</ele></trkpt>
   <trkpt lon="2.011951" lat="49.058480"><ele>107.25</ele></trkpt>
   <trkpt lon="2.011979" lat="49.058335"><ele>107.75</ele></trkpt>
   <trkpt lon="2.011967" lat="49.058283"><ele>108.0</ele></trkpt>
   <trkpt lon="2.011936" lat="49.058216"><ele>108.25</ele></trkpt>
   <trkpt lon="2.011757" lat="49.057943"><ele>109.25</ele></trkpt>
   <trkpt lon="2.011440" lat="49.057529"><ele>110.75</ele></trkpt>
   <trkpt lon="2.010758" lat="49.056679"><ele>112.75</ele></trkpt>
   <trkpt lon="2.010671" lat="49.056606"><ele>113.25</ele></trkpt>
   <trkpt lon="2.010609" lat="49.056565"><ele>113.5</ele></trkpt>
   <trkpt lon="2.010517" lat="49.056550"><ele>113.75</ele></trkpt>
   <trkpt lon="2.010430" lat="49.056525"><ele>113.75</ele></trkpt>
   <trkpt lon="2.010311" lat="49.056469"><ele>113.75</ele></trkpt>
   <trkpt lon="2.010260" lat="49.056435"><ele>113.75</ele></trkpt>
   <trkpt lon="2.010217" lat="49.056396"><ele>113.75</ele></trkpt>
   <trkpt lon="2.010182" lat="49.056354"><ele>114.0</ele></trkpt>
   <trkpt lon="2.010137" lat="49.056263"><ele>114.0</ele></trkpt>
   <trkpt lon="2.010130" lat="49.056167"><ele>114.25</ele></trkpt>
   <trkpt lon="2.010138" lat="49.056123"><ele>114.25</ele></trkpt>
   <trkpt lon="2.010179" lat="49.056039"><ele>114.5</ele></trkpt>
   <trkpt lon="2.010223" lat="49.055987"><ele>114.75</ele></trkpt>
   <trkpt lon="2.010278" lat="49.055941"><ele>115.0</ele></trkpt>
   <trkpt lon="2.010344" lat="49.055901"><ele>115.0</ele></trkpt>
   <trkpt lon="2.010419" lat="49.055868"><ele>115.0</ele></trkpt>
   <trkpt lon="2.010500" lat="49.055843"><ele>115.0</ele></trkpt>
   <trkpt lon="2.010587" lat="49.055827"><ele>115.0</ele></trkpt>
   <trkpt lon="2.010676" lat="49.055819"><ele>115.0</ele></trkpt>
   <trkpt lon="2.010834" lat="49.055829"><ele>115.0</ele></trkpt>
   <trkpt lon="2.010909" lat="49.055845"><ele>115.0</ele></trkpt>
   <trkpt lon="2.010981" lat="49.055867"><ele>115.0</ele></trkpt>
   <trkpt lon="2.011107" lat="49.055930"><ele>114.75</ele></trkpt>
   <trkpt lon="2.011347" lat="49.055941"><ele>114.5</ele></trkpt>
   <trkpt lon="2.011421" lat="49.055937"><ele>114.5</ele></trkpt>
   <trkpt lon="2.011519" lat="49.055923"><ele>114.5</ele></trkpt>
   <trkpt lon="2.011714" lat="49.055878"><ele>114.75</ele></trkpt>
   <trkpt lon="2.012779" lat="49.055569"><ele>116.75</ele></trkpt>
   <trkpt lon="2.013632" lat="49.055347"><ele>117.5</ele></trkpt>
   <trkpt lon="2.013658" lat="49.055341"><ele>117.5</ele></trkpt>
   <trkpt lon="2.014108" lat="49.055240"><ele>117.0</ele></trkpt>
   <trkpt lon="2.014496" lat="49.055160"><ele>116.75</ele></trkpt>
   <trkpt lon="2.015099" lat="49.055058"><ele>115.25</ele></trkpt>
   <trkpt lon="2.015187" lat="49.055047"><ele>115.0</ele></trkpt>
   <trkpt lon="2.015418" lat="49.055016"><ele>114.25</ele></trkpt>
   <trkpt lon="2.015481" lat="49.055008"><ele>114.0</ele></trkpt>
   <trkpt lon="2.015575" lat="49.055000"><ele>113.75</ele></trkpt>
   <trkpt lon="2.015815" lat="49.054977"><ele>113.0</ele></trkpt>
   <trkpt lon="2.015998" lat="49.054961"><ele>112.25</ele></trkpt>
   <trkpt lon="2.016171" lat="49.054946"><ele>111.75</ele></trkpt>
   <trkpt lon="2.016693" lat="49.054895"><ele>109.75</ele></trkpt>
   <trkpt lon="2.017210" lat="49.054842"><ele>109.0</ele></trkpt>
   <trkpt lon="2.017404" lat="49.054822"><ele>108.25</ele></trkpt>
   <trkpt lon="2.017768" lat="49.054786"><ele>107.0</ele></trkpt>
   <trkpt lon="2.018356" lat="49.054729"><ele>105.75</ele></trkpt>
   <trkpt lon="2.018665" lat="49.054700"><ele>105.0</ele></trkpt>
   <trkpt lon="2.018754" lat="49.054691"><ele>105.0</ele></trkpt>
   <trkpt lon="2.018806" lat="49.054686"><ele>105.0</ele></trkpt>
   <trkpt lon="2.019150" lat="49.054651"><ele>105.0</ele></trkpt>
   <trkpt lon="2.019682" lat="49.054597"><ele>104.25</ele></trkpt>
   <trkpt lon="2.019935" lat="49.054573"><ele>104.5</ele></trkpt>
   <trkpt lon="2.020117" lat="49.054555"><ele>104.5</ele></trkpt>
   <trkpt lon="2.020676" lat="49.054508"><ele>105.0</ele></trkpt>
   <trkpt lon="2.021328" lat="49.054452"><ele>104.75</ele></trkpt>
   <trkpt lon="2.022260" lat="49.054358"><ele>105.25</ele></trkpt>
   <trkpt lon="2.022650" lat="49.054318"><ele>105.25</ele></trkpt>
   <trkpt lon="2.023439" lat="49.054229"><ele>106.0</ele></trkpt>
   <trkpt lon="2.023695" lat="49.054183"><ele>106.0</ele></trkpt>
   <trkpt lon="2.023843" lat="49.054149"><ele>106.0</ele></trkpt>
   <trkpt lon="2.024002" lat="49.054102"><ele>106.5</ele></trkpt>
   <trkpt lon="2.024102" lat="49.054059"><ele>106.75</ele></trkpt>
   <trkpt lon="2.024149" lat="49.053998"><ele>106.75</ele></trkpt>
   <trkpt lon="2.024180" lat="49.053971"><ele>106.75</ele></trkpt>
   <trkpt lon="2.024254" lat="49.053923"><ele>107.0</ele></trkpt>
   <trkpt lon="2.024297" lat="49.053903"><ele>107.0</ele></trkpt>
   <trkpt lon="2.024378" lat="49.053877"><ele>107.0</ele></trkpt>
   <trkpt lon="2.024465" lat="49.053860"><ele>107.0</ele></trkpt>
   <trkpt lon="2.024555" lat="49.053855"><ele>106.5</ele></trkpt>
   <trkpt lon="2.024646" lat="49.053860"><ele>106.25</ele></trkpt>
   <trkpt lon="2.024741" lat="49.053879"><ele>106.0</ele></trkpt>
   <trkpt lon="2.024829" lat="49.053910"><ele>105.75</ele></trkpt>
   <trkpt lon="2.024906" lat="49.053952"><ele>105.75</ele></trkpt>
   <trkpt lon="2.024991" lat="49.054032"><ele>105.5</ele></trkpt>
   <trkpt lon="2.025147" lat="49.054056"><ele>105.25</ele></trkpt>
   <trkpt lon="2.025292" lat="49.054063"><ele>105.25</ele></trkpt>
   <trkpt lon="2.025836" lat="49.054010"><ele>104.5</ele></trkpt>
   <trkpt lon="2.026693" lat="49.053924"><ele>102.75</ele></trkpt>
   <trkpt lon="2.028273" lat="49.053766"><ele>103.0</ele></trkpt>
   <trkpt lon="2.028578" lat="49.053736"><ele>103.0</ele></trkpt>
   <trkpt lon="2.029746" lat="49.053623"><ele>103.0</ele></trkpt>
   <trkpt lon="2.029975" lat="49.053597"><ele>103.0</ele></trkpt>
   <trkpt lon="2.030833" lat="49.053504"><ele>103.0</ele></trkpt>
   <trkpt lon="2.031712" lat="49.053419"><ele>101.75</ele></trkpt>
   <trkpt lon="2.031896" lat="49.053397"><ele>101.25</ele></trkpt>
   <trkpt lon="2.031987" lat="49.053369"><ele>101.0</ele></trkpt>
   <trkpt lon="2.032079" lat="49.053329"><ele>101.0</ele></trkpt>
   <trkpt lon="2.032116" lat="49.053274"><ele>101.0</ele></trkpt>
   <trkpt lon="2.032176" lat="49.053228"><ele>101.0</ele></trkpt>
   <trkpt lon="2.032212" lat="49.053209"><ele>101.0</ele></trkpt>
   <trkpt lon="2.032307" lat="49.053180"><ele>101.0</ele></trkpt>
   <trkpt lon="2.032375" lat="49.053172"><ele>101.0</ele></trkpt>
   <trkpt lon="2.032445" lat="49.053174"><ele>101.0</ele></trkpt>
   <trkpt lon="2.032493" lat="49.053181"><ele>101.0</ele></trkpt>
   <trkpt lon="2.032583" lat="49.053208"><ele>100.5</ele></trkpt>
   <trkpt lon="2.032622" lat="49.053228"><ele>100.5</ele></trkpt>
   <trkpt lon="2.032684" lat="49.053278"><ele>100.25</ele></trkpt>
   <trkpt lon="2.032804" lat="49.053299"><ele>99.75</ele></trkpt>
   <trkpt lon="2.032880" lat="49.053304"><ele>99.5</ele></trkpt>
   <trkpt lon="2.033051" lat="49.053300"><ele>99.0</ele></trkpt>
   <trkpt lon="2.033894" lat="49.053223"><ele>96.75</ele></trkpt>
   <trkpt lon="2.034465" lat="49.053164"><ele>95.75</ele></trkpt>
   <trkpt lon="2.035977" lat="49.053007"><ele>94.25</ele></trkpt>
   <trkpt lon="2.036785" lat="49.052922"><ele>91.75</ele></trkpt>
   <trkpt lon="2.037405" lat="49.052853"><ele>92.25</ele></trkpt>
   <trkpt lon="2.038227" lat="49.052774"><ele>93.0</ele></trkpt>
   <trkpt lon="2.038332" lat="49.052763"><ele>93.0</ele></trkpt>
   <trkpt lon="2.038410" lat="49.052744"><ele>93.25</ele></trkpt>
   <trkpt lon="2.038521" lat="49.052698"><ele>93.75</ele></trkpt>
   <trkpt lon="2.038577" lat="49.052625"><ele>93.75</ele></trkpt>
   <trkpt lon="2.038638" lat="49.052584"><ele>94.0</ele></trkpt>
   <trkpt lon="2.038713" lat="49.052555"><ele>94.0</ele></trkpt>
   <trkpt lon="2.038797" lat="49.052540"><ele>94.0</ele></trkpt>
   <trkpt lon="2.038841" lat="49.052538"><ele>94.0</ele></trkpt>
   <trkpt lon="2.038942" lat="49.052547"><ele>93.75</ele></trkpt>
   <trkpt lon="2.038990" lat="49.052560"><ele>94.0</ele></trkpt>
   <trkpt lon="2.039035" lat="49.052577"><ele>94.0</ele></trkpt>
   <trkpt lon="2.039110" lat="49.052623"><ele>94.0</ele></trkpt>
   <trkpt lon="2.039210" lat="49.052649"><ele>94.0</ele></trkpt>
   <trkpt lon="2.039332" lat="49.052664"><ele>94.0</ele></trkpt>
   <trkpt lon="2.039527" lat="49.052645"><ele>94.0</ele></trkpt>
   <trkpt lon="2.039672" lat="49.052632"><ele>94.25</ele></trkpt>
   <trkpt lon="2.039827" lat="49.052632"><ele>94.5</ele></trkpt>
   <trkpt lon="2.040417" lat="49.052567"><ele>94.75</ele></trkpt>
   <trkpt lon="2.042405" lat="49.052369"><ele>95.25</ele></trkpt>
   <trkpt lon="2.043768" lat="49.052231"><ele>94.75</ele></trkpt>
   <trkpt lon="2.045706" lat="49.052002"><ele>95.0</ele></trkpt>
   <trkpt lon="2.045784" lat="49.051985"><ele>95.0</ele></trkpt>
   <trkpt lon="2.045842" lat="49.051971"><ele>95.0</ele></trkpt>
   <trkpt lon="2.045887" lat="49.051949"><ele>95.0</ele></trkpt>
   <trkpt lon="2.046024" lat="49.051871"><ele>95.5</ele></trkpt>
   <trkpt lon="2.046105" lat="49.051799"><ele>95.75</ele></trkpt>
   <trkpt lon="2.046216" lat="49.051745"><ele>95.75</ele></trkpt>
   <trkpt lon="2.046266" lat="49.051730"><ele>95.75</ele></trkpt>
   <trkpt lon="2.046373" lat="49.051712"><ele>96.0</ele></trkpt>
   <trkpt lon="2.046429" lat="49.051709"><ele>96.0</ele></trkpt>
   <trkpt lon="2.046539" lat="49.051717"><ele>96.25</ele></trkpt>
   <trkpt lon="2.046596" lat="49.051728"><ele>96.5</ele></trkpt>
   <trkpt lon="2.046701" lat="49.051764"><ele>96.5</ele></trkpt>
   <trkpt lon="2.046790" lat="49.051816"><ele>96.25</ele></trkpt>
   <trkpt lon="2.046945" lat="49.051823"><ele>96.25</ele></trkpt>
   <trkpt lon="2.046996" lat="49.051844"><ele>96.0</ele></trkpt>
   <trkpt lon="2.047104" lat="49.051849"><ele>96.0</ele></trkpt>
   <trkpt lon="2.047639" lat="49.051797"><ele>95.5</ele></trkpt>
   <trkpt lon="2.049377" lat="49.051629"><ele>95.0</ele></trkpt>
   <trkpt lon="2.049607" lat="49.051604"><ele>95.0</ele></trkpt>
   <trkpt lon="2.049657" lat="49.051599"><ele>95.0</ele></trkpt>
   <trkpt lon="2.049839" lat="49.051577"><ele>95.0</ele></trkpt>
   <trkpt lon="2.051478" lat="49.051416"><ele>92.75</ele></trkpt>
   <trkpt lon="2.051787" lat="49.051385"><ele>92.5</ele></trkpt>
   <trkpt lon="2.051973" lat="49.051366"><ele>92.0</ele></trkpt>
   <trkpt lon="2.052057" lat="49.051358"><ele>92.0</ele></trkpt>
   <trkpt lon="2.053260" lat="49.051239"><ele>91.0</ele></trkpt>
   <trkpt lon="2.053332" lat="49.051214"><ele>91.0</ele></trkpt>
   <trkpt lon="2.053915" lat="49.051157"><ele>90.75</ele></trkpt>
   <trkpt lon="2.053969" lat="49.051168"><ele>90.75</ele></trkpt>
   <trkpt lon="2.054187" lat="49.051147"><ele>90.75</ele></trkpt>
   <trkpt lon="2.054246" lat="49.051124"><ele>90.75</ele></trkpt>
   <trkpt lon="2.054804" lat="49.051069"><ele>90.75</ele></trkpt>
   <trkpt lon="2.054898" lat="49.051076"><ele>90.75</ele></trkpt>
   <trkpt lon="2.054950" lat="49.051070"><ele>90.75</ele></trkpt>
   <trkpt lon="2.054986" lat="49.051067"><ele>90.75</ele></trkpt>
   <trkpt lon="2.055258" lat="49.051039"><ele>90.5</ele></trkpt>
   <trkpt lon="2.055297" lat="49.051035"><ele>90.5</ele></trkpt>
   <trkpt lon="2.056140" lat="49.050949"><ele>90.0</ele></trkpt>
   <trkpt lon="2.057342" lat="49.050833"><ele>90.75</ele></trkpt>
   <trkpt lon="2.057518" lat="49.050815"><ele>90.75</ele></trkpt>
   <trkpt lon="2.057718" lat="49.050796"><ele>90.75</ele></trkpt>
   <trkpt lon="2.057927" lat="49.050775"><ele>90.75</ele></trkpt>
   <trkpt lon="2.058298" lat="49.050739"><ele>90.5</ele></trkpt>
   <trkpt lon="2.061989" lat="49.050376"><ele>89.25</ele></trkpt>
   <trkpt lon="2.063113" lat="49.050265"><ele>88.75</ele></trkpt>
   <trkpt lon="2.063806" lat="49.050200"><ele>87.25</ele></trkpt>
   <trkpt lon="2.063959" lat="49.050186"><ele>87.25</ele></trkpt>
   <trkpt lon="2.064201" lat="49.050172"><ele>87.0</ele></trkpt>
   <trkpt lon="2.064516" lat="49.050186"><ele>86.5</ele></trkpt>
   <trkpt lon="2.064600" lat="49.050197"><ele>86.5</ele></trkpt>
   <trkpt lon="2.064653" lat="49.050213"><ele>86.75</ele></trkpt>
   <trkpt lon="2.064772" lat="49.050223"><ele>86.75</ele></trkpt>
   <trkpt lon="2.065326" lat="49.050271"><ele>86.0</ele></trkpt>
   <trkpt lon="2.065503" lat="49.050299"><ele>86.0</ele></trkpt>
   <trkpt lon="2.065816" lat="49.050370"><ele>86.0</ele></trkpt>
   <trkpt lon="2.066129" lat="49.050471"><ele>85.75</ele></trkpt>
   <trkpt lon="2.066839" lat="49.050747"><ele>82.25</ele></trkpt>
   <trkpt lon="2.066855" lat="49.050763"><ele>82.0</ele></trkpt>
   <trkpt lon="2.066859" lat="49.050794"><ele>81.5</ele></trkpt>
   <trkpt lon="2.066920" lat="49.050819"><ele>80.5</ele></trkpt>
   <trkpt lon="2.067315" lat="49.050970"><ele>83.25</ele></trkpt>
   <trkpt lon="2.067371" lat="49.050993"><ele>84.0</ele></trkpt>
   <trkpt lon="2.067461" lat="49.051027"><ele>84.75</ele></trkpt>
   <trkpt lon="2.068124" lat="49.051281"><ele>84.25</ele></trkpt>
   <trkpt lon="2.068187" lat="49.051299"><ele>84.0</ele></trkpt>
   <trkpt lon="2.068294" lat="49.051318"><ele>84.0</ele></trkpt>
   <trkpt lon="2.068452" lat="49.051303"><ele>83.5</ele></trkpt>
   <trkpt lon="2.068524" lat="49.051296"><ele>83.25</ele></trkpt>
   <trkpt lon="2.068615" lat="49.051258"><ele>83.0</ele></trkpt>
   <trkpt lon="2.068831" lat="49.051191"><ele>83.0</ele></trkpt>
   <trkpt lon="2.068974" lat="49.051167"><ele>82.75</ele></trkpt>
   <trkpt lon="2.069029" lat="49.051171"><ele>83.0</ele></trkpt>
   <trkpt lon="2.069059" lat="49.051179"><ele>83.0</ele></trkpt>
   <trkpt lon="2.069241" lat="49.051164"><ele>82.75</ele></trkpt>
   <trkpt lon="2.069318" lat="49.051156"><ele>82.5</ele></trkpt>
   <trkpt lon="2.069507" lat="49.051117"><ele>82.0</ele></trkpt>
   <trkpt lon="2.070354" lat="49.050882"><ele>81.0</ele></trkpt>
   <trkpt lon="2.070593" lat="49.050816"><ele>80.75</ele></trkpt>
   <trkpt lon="2.071085" lat="49.050680"><ele>80.25</ele></trkpt>
   <trkpt lon="2.071380" lat="49.050619"><ele>80.0</ele></trkpt>
   <trkpt lon="2.071417" lat="49.050608"><ele>80.0</ele></trkpt>
   <trkpt lon="2.071501" lat="49.050569"><ele>80.0</ele></trkpt>
   <trkpt lon="2.071773" lat="49.050493"><ele>79.75</ele></trkpt>
   <trkpt lon="2.073200" lat="49.050097"><ele>78.25</ele></trkpt>
   <trkpt lon="2.073443" lat="49.050030"><ele>78.0</ele></trkpt>
   <trkpt lon="2.073764" lat="49.049942"><ele>77.75</ele></trkpt>
   <trkpt lon="2.073996" lat="49.049908"><ele>77.25</ele></trkpt>
   <trkpt lon="2.074057" lat="49.049881"><ele>77.0</ele></trkpt>
   <trkpt lon="2.074097" lat="49.049858"><ele>77.0</ele></trkpt>
   <trkpt lon="2.074127" lat="49.049830"><ele>77.0</ele></trkpt>
   <trkpt lon="2.074170" lat="49.049794"><ele>76.75</ele></trkpt>
   <trkpt lon="2.074166" lat="49.049744"><ele>77.0</ele></trkpt>
   <trkpt lon="2.074194" lat="49.049689"><ele>76.75</ele></trkpt>
   <trkpt lon="2.074238" lat="49.049648"><ele>76.5</ele></trkpt>
   <trkpt lon="2.074311" lat="49.049618"><ele>76.25</ele></trkpt>
   <trkpt lon="2.074345" lat="49.049610"><ele>76.0</ele></trkpt>
   <trkpt lon="2.074416" lat="49.049605"><ele>76.0</ele></trkpt>
   <trkpt lon="2.074516" lat="49.049623"><ele>75.5</ele></trkpt>
   <trkpt lon="2.074589" lat="49.049658"><ele>75.25</ele></trkpt>
   <trkpt lon="2.074777" lat="49.049613"><ele>74.75</ele></trkpt>
   <trkpt lon="2.075180" lat="49.049468"><ele>73.25</ele></trkpt>
   <trkpt lon="2.075357" lat="49.049391"><ele>72.5</ele></trkpt>
   <trkpt lon="2.075538" lat="49.049295"><ele>71.5</ele></trkpt>
   <trkpt lon="2.075685" lat="49.049199"><ele>70.5</ele></trkpt>
   <trkpt lon="2.075833" lat="49.049090"><ele>70.0</ele></trkpt>
   <trkpt lon="2.075881" lat="49.049057"><ele>69.75</ele></trkpt>
   <trkpt lon="2.075925" lat="49.049029"><ele>69.5</ele></trkpt>
   <trkpt lon="2.075954" lat="49.049011"><ele>69.5</ele></trkpt>
   <trkpt lon="2.075996" lat="49.048987"><ele>69.25</ele></trkpt>
   <trkpt lon="2.076067" lat="49.048962"><ele>69.0</ele></trkpt>
   <trkpt lon="2.076167" lat="49.048940"><ele>68.75</ele></trkpt>
   <trkpt lon="2.076781" lat="49.048808"><ele>66.5</ele></trkpt>
   <trkpt lon="2.077296" lat="49.048675"><ele>64.75</ele></trkpt>
   <trkpt lon="2.077440" lat="49.048637"><ele>64.0</ele></trkpt>
   <trkpt lon="2.077504" lat="49.048618"><ele>64.0</ele></trkpt>
   <trkpt lon="2.077683" lat="49.048564"><ele>63.75</ele></trkpt>
   <trkpt lon="2.078480" lat="49.048298"><ele>61.75</ele></trkpt>
   <trkpt lon="2.079863" lat="49.047783"><ele>60.25</ele></trkpt>
   <trkpt lon="2.080073" lat="49.047702"><ele>60.5</ele></trkpt>
   <trkpt lon="2.080117" lat="49.047685"><ele>60.25</ele></trkpt>
   <trkpt lon="2.080150" lat="49.047672"><ele>60.0</ele></trkpt>
   <trkpt lon="2.080176" lat="49.047663"><ele>60.0</ele></trkpt>
   <trkpt lon="2.080322" lat="49.047607"><ele>58.5</ele></trkpt>
   <trkpt lon="2.080408" lat="49.047574"><ele>58.25</ele></trkpt>
   <trkpt lon="2.080721" lat="49.047463"><ele>58.0</ele></trkpt>
   <trkpt lon="2.080989" lat="49.047369"><ele>58.0</ele></trkpt>
   <trkpt lon="2.081061" lat="49.047343"><ele>58.0</ele></trkpt>
   <trkpt lon="2.081220" lat="49.047286"><ele>58.25</ele></trkpt>
   <trkpt lon="2.081355" lat="49.047239"><ele>58.0</ele></trkpt>
   <trkpt lon="2.081432" lat="49.047212"><ele>58.0</ele></trkpt>
   <trkpt lon="2.081553" lat="49.047172"><ele>58.0</ele></trkpt>
   <trkpt lon="2.081989" lat="49.047053"><ele>57.75</ele></trkpt>
   <trkpt lon="2.082626" lat="49.046831"><ele>56.75</ele></trkpt>
   <trkpt lon="2.083461" lat="49.046551"><ele>55.25</ele></trkpt>
   <trkpt lon="2.083920" lat="49.046418"><ele>54.0</ele></trkpt>
   <trkpt lon="2.084387" lat="49.046226"><ele>53.5</ele></trkpt>
   <trkpt lon="2.084785" lat="49.046100"><ele>52.0</ele></trkpt>
   <trkpt lon="2.084941" lat="49.046049"><ele>52.0</ele></trkpt>
   <trkpt lon="2.085716" lat="49.045802"><ele>50.0</ele></trkpt>
   <trkpt lon="2.086340" lat="49.045603"><ele>49.0</ele></trkpt>
   <trkpt lon="2.086377" lat="49.045591"><ele>48.75</ele></trkpt>
   <trkpt lon="2.086673" lat="49.045497"><ele>47.75</ele></trkpt>
   <trkpt lon="2.086814" lat="49.045452"><ele>47.75</ele></trkpt>
   <trkpt lon="2.086869" lat="49.045434"><ele>47.5</ele></trkpt>
   <trkpt lon="2.087320" lat="49.045306"><ele>46.5</ele></trkpt>
   <trkpt lon="2.087938" lat="49.045130"><ele>45.5</ele></trkpt>
   <trkpt lon="2.088270" lat="49.045062"><ele>45.0</ele></trkpt>
   <trkpt lon="2.088397" lat="49.045033"><ele>44.75</ele></trkpt>
   <trkpt lon="2.088473" lat="49.045022"><ele>44.5</ele></trkpt>
   <trkpt lon="2.088514" lat="49.045027"><ele>44.25</ele></trkpt>
   <trkpt lon="2.088571" lat="49.045066"><ele>44.25</ele></trkpt>
   <trkpt lon="2.089146" lat="49.045497"><ele>43.0</ele></trkpt>
   <trkpt lon="2.089477" lat="49.045743"><ele>41.75</ele></trkpt>
   <trkpt lon="2.089587" lat="49.045869"><ele>41.25</ele></trkpt>
   <trkpt lon="2.090144" lat="49.046229"><ele>37.0</ele></trkpt>
   <trkpt lon="2.090715" lat="49.046485"><ele>32.0</ele></trkpt>
   <trkpt lon="2.091410" lat="49.047049"><ele>26.5</ele></trkpt>
   <trkpt lon="2.091243" lat="49.047211"><ele>26.0</ele></trkpt>
   <trkpt lon="2.091288" lat="49.047450"><ele>27.25</ele></trkpt>
   <trkpt lon="2.091316" lat="49.047545"><ele>27.5</ele></trkpt>
   <trkpt lon="2.091352" lat="49.047627"><ele>27.25</ele></trkpt>
   <trkpt lon="2.091362" lat="49.047643"><ele>27.25</ele></trkpt>
   <trkpt lon="2.091370" lat="49.047666"><ele>27.25</ele></trkpt>
   <trkpt lon="2.091376" lat="49.047679"><ele>27.25</ele></trkpt>
   <trkpt lon="2.091419" lat="49.047777"><ele>27.0</ele></trkpt>
   <trkpt lon="2.091470" lat="49.047852"><ele>26.75</ele></trkpt>
   <trkpt lon="2.091565" lat="49.047919"><ele>26.75</ele></trkpt>
   <trkpt lon="2.091867" lat="49.048020"><ele>25.5</ele></trkpt>
   <trkpt lon="2.092126" lat="49.048117"><ele>25.5</ele></trkpt>
   <trkpt lon="2.092399" lat="49.048441"><ele>26.0</ele></trkpt>
   <trkpt lon="2.092423" lat="49.048469"><ele>26.0</ele></trkpt>
   <trkpt lon="2.092834" lat="49.048763"><ele>26.5</ele></trkpt>
   <trkpt lon="2.092964" lat="49.048846"><ele>26.75</ele></trkpt>
   <trkpt lon="2.093253" lat="49.049070"><ele>29.0</ele></trkpt>
   <trkpt lon="2.093371" lat="49.049178"><ele>30.0</ele></trkpt>
   <trkpt lon="2.093416" lat="49.049276"><ele>30.5</ele></trkpt>
   <trkpt lon="2.093454" lat="49.049381"><ele>31.0</ele></trkpt>
   <trkpt lon="2.093469" lat="49.049423"><ele>31.25</ele></trkpt>
   <trkpt lon="2.093538" lat="49.049408"><ele>31.5</ele></trkpt>
   <trkpt lon="2.093639" lat="49.049389"><ele>31.5</ele></trkpt>
   <trkpt lon="2.093721" lat="49.049400"><ele>31.25</ele></trkpt>
   <trkpt lon="2.093962" lat="49.049524"><ele>31.5</ele></trkpt>
   <trkpt lon="2.094261" lat="49.049686"><ele>35.0</ele></trkpt>
   <trkpt lon="2.095185" lat="49.049948"><ele>42.0</ele></trkpt>
   <trkpt lon="2.095626" lat="49.050152"><ele>47.25</ele></trkpt>
   <trkpt lon="2.095820" lat="49.050176"><ele>47.5</ele></trkpt>
   <trkpt lon="2.096368" lat="49.050184"><ele>44.25</ele></trkpt>
   <trkpt lon="2.096844" lat="49.050204"><ele>43.0</ele></trkpt>
   <trkpt lon="2.096914" lat="49.050207"><ele>43.0</ele></trkpt>
   <trkpt lon="2.097593" lat="49.050235"><ele>47.0</ele></trkpt>
   <trkpt lon="2.097824" lat="49.050228"><ele>47.5</ele></trkpt>
   <trkpt lon="2.097927" lat="49.050242"><ele>48.0</ele></trkpt>
   <trkpt lon="2.098406" lat="49.050103"><ele>47.0</ele></trkpt>
   <trkpt lon="2.098457" lat="49.050093"><ele>46.5</ele></trkpt>
   <trkpt lon="2.098531" lat="49.050093"><ele>46.25</ele></trkpt>
   <trkpt lon="2.098605" lat="49.050106"><ele>46.25</ele></trkpt>
   <trkpt lon="2.098824" lat="49.050164"><ele>46.5</ele></trkpt>
   <trkpt lon="2.099505" lat="49.050346"><ele>46.75</ele></trkpt>
   <trkpt lon="2.099720" lat="49.050406"><ele>47.25</ele></trkpt>
   <trkpt lon="2.099922" lat="49.050464"><ele>47.25</ele></trkpt>
   <trkpt lon="2.100139" lat="49.050720"><ele>47.75</ele></trkpt>
   <trkpt lon="2.100165" lat="49.050770"><ele>48.0</ele></trkpt>
   <trkpt lon="2.100249" lat="49.050931"><ele>48.25</ele></trkpt>
   <trkpt lon="2.100282" lat="49.050993"><ele>48.5</ele></trkpt>
   <trkpt lon="2.100329" lat="49.051101"><ele>49.0</ele></trkpt>
   <trkpt lon="2.100396" lat="49.051254"><ele>49.5</ele></trkpt>
   <trkpt lon="2.100408" lat="49.051280"><ele>49.5</ele></trkpt>
   <trkpt lon="2.100443" lat="49.051362"><ele>49.25</ele></trkpt>
   <trkpt lon="2.101061" lat="49.051053"><ele>36.25</ele></trkpt>
  </trkseg>
 </trk>
</gpx>
